name,alt.name,venue
,FC NOVA ECNL 03,Idaho D3 Division 1 U15
Alberta Storm FC G02,Storm U15 Kehoe,Sounders FC Cup GU15
Albion SC Academy G02,ALBION SC ACADEMY (CAS),Surf Cup Black U15
Arizona Arsenal Premier Teal G02,AZ ARSENAL 02 PREMIER TEAL (AZ),Surf Cup Super White U15
Arsenal FC ECNL G02,ARSENAL FC ECNL 02 -BROWN (CAS),Surf Cup Super Black U15
Arsenal FC ECNL G03,ARSENAL FC ECNL 03 -BROWN (CAS),Nike Crossfire Challenge Super Group U15
Arsenal FC EGSL G02,ARSENAL FC EGSL 02- BROWN (CAS),Nike Crossfire Challenge Gold Group U15
Arsenal FC South G02,ARSENAL FC SOUTH - G02 SOLIS (CAS),Oswego Nike Cup Gold U15
ASE Emerald G02,ASE G02 STEPHENSON (USA),Les Schwab NW Cup Girls U15 U15
ASE Emerald G02,ASE G02 Stephenson,Xtreme Cup GU15 Silver
Ashland SC Crossfire G03,ASC Crossfire,SOCL Cascade U15
Ashland SC G04,ASC 04/05G,SOCL Cascade U15
Auburn Blast G02,Auburn Blast,SSUL G02 Division 2
AYSO Fire and Ice G02,AYSO 870 Fire and Ice,Capital Cup GU15
AYSO Fire and Ice G02,Fire and Ice,Summer Slam Gold/Silver U15
Basin Utd Fury G03,BUSC Fury,SOCL Cascade U15
Basin Utd Rage G02,BUSC Rage,SOCL Cascade U15
Basin Utd Rage G03,BUSC U14 Rage,SOCL Cascade U15
BDMS Dynamite G02,BDMS DYNAMITE (CANADA),SX Cup Girls U15 Metro - Tier 2 U15
Beach FC Academy G02,BEACH FC G02 ACADEMY (CAS),Surf Cup Super Black U15
Bellevue United Blue Angels G02,Bellevue United FC Blue Angels,Eastside FC Cup GU15
Bellevue United Blue Angels G02,BELLEVUE UNITED FC BUFC BLUE ANGELS (WA),REDAPT Cup Gold U15
Bellevue United Blue Angels G02,BELLEVUE UNITED FCBUFC BLUE ANGELS A,Snohomish United Invit Gold
Bellevue United Blue Angels G02,BUFC Select G02 Hargreaves,NPSL Fall - Division 1 (02) U15
Bend FC Timbers Red G02,BEND FC TIMBERS BFCT 02G RED (USA),Bend Premier Cup Mallory Weber (Silver) Division U15
Bend FC Timbers Red G02,Bend FC Timbers 02G Red,Clash At the Border Div 1 Gold/Silver U15
Bend FC Timbers Red G02,Bend FC Timbers 02G RED,PTT G02 Division 1
Blackhills FC Black G02,Blackhills FC 8 G02,RCL G02 8th G Fall
Blackhills FC Black G02,BLACKHILLS FC G 02 BLACK A (WA),Nike Crossfire Challenge Super Group U15
Blackhills FC Black G02,Blackhills FC G02 Black A,RCL G02 Div 2
Blackhills FC Black G02,Blackhills FC G02 Black,Capital Cup GU15
Blackhills FC Red G02,Blackhills FC G02 Red,KITG GU15 Green
Blackhills FC Red G02,Blackhills FC G02 Red B,RCL G02 Div 4
Blackhills FC Red G02,BLACKHILLS FC G 02 RED (WA),REDAPT Cup Silver U15
Blackhills FC Red G02,Blackhills FC G02 Red,Tyee Cup G02 Gold
Boise Nationals SC Blue G02,BOISE NATIONALS TIMBERS U14 2003 BLUE,Idaho D3 Division 1 U15
Boise Nationals SC Blue G02,BOISE NATIONALS TIMBERS U15 2002 BLUE,Idaho D3 Division 1 U15
Boise Nationals SC Red G02,BOISE NATIONALS TIMBERS U15 2002 RED,Idaho D3 U14/U15 Division 2 U15
Breakers Black Andersson G02,SPOKANE BREAKERSBREAKERS FC G02 ANDERSSON,Mt Hood Challenge Girls U15 Premier/Gold
Breakers Black Andersson G02,BREAKERS FCGU15 BREAKERS FC BLACK ANDERSSON,Central WA Super Cup Girls U15 Gold
Breakers Black Andersson G02,Breakers FC Girls 02,Seattle United Cup GU15 Gold
Breakers Black Andersson G02,IEYSA Breakers FC - Black G02 Andersson,PSPL Super League 1 East U15
Bremerton United G02,Bremerton United,KITG GU15 Red
Bremerton United G02,Bremerton United,Crossfire Select U15 Bronze
Bremerton United G02,BSC G02 FORCE,NPSL Fall - Division 3 (02) U15
BSC Hood River Black G02,BSC HR 02G Black,PTT G02 Division 2
BSC Portland Gold G02,BSC 02G Gold,PTT G02 Division 2
CA Odyssey G02,CALIFORNIA ODYSSEY SC 02GR (CAN),Surf Cup Black U15
Canyon Optimist Inferno G02,INFERNO,Idaho D3 U14/U15 Division 2 U15
Cascade FC G02,Cascade FC G02/3 Green,Crossfire Select U15 Bronze
Cascade FC G02,Cascade FC G02/3 Green,River Jam Samba U15
Cascade FC G02,CASCADE FC G02 GREEN,Snohomish United Invit Gold
Cascade FC G02,Cascade FC G02/03,PSPL Copa U15
Cascade Rush Revolution G02,Cascade Rush Revolution,Capital Cup GU15
CB United G02,CB United G02,PSPL-Inland Copa 1 U15
CBYSA Clark G02,CBYSA G02 Clark,PSPL-Inland Copa 1 U15
CDA Slammers SC EGSL G02,CDA SLAMMERS FC EGSL G02 SALAZAR (CAS),Surf Cup Black U15
Centralia City FC G02,Centralia City FC U15,KITG GU15 Green
Centralia City FC G02,Centralia Cty FC U15,KITG GU15 Green
CFSC Shock G02,CFSC Shock G02,SSUL G02 Division 2
Cheney Storm FC G02,STORM FC G02 SHOWALTER (WA),Les Schwab NW Cup Girls U15 U15
Cheney Storm FC G02,IEYSA Storm 02 Showalter,PSPL Classic East U15
Chilliwack FC Selects G02,CHILLIWACK FCCHILLIWACK ATTACK,Snohomish United Invit Gold
Coquitlam Metro Ford Aftershock G02,CMF AFTERSHOCK (CANADA),SX Cup Girls U15 Gold/U16 Silver - Tier 3/4 U15
Coquitlam Metro Ford Galaxy G02,CMFSC GALAXY (CANADA),SX Cup Girls U15 Premier - Tier 1 U15
Coquitlam Metro Ford Rebels G02,CMFSC REBELS (CANADA),SX Cup Girls U15 Metro - Tier 2 U15
Coquitlam Metro Ford Spartans G02,COQUITLAM SPARTANS (CANADA),SX Cup Girls U15 Gold/U16 Silver - Tier 3/4 U15
Coquitlam Metro Ford Titanium G02,CMF TITANIUM (CND),SX Cup Girls U15 Gold/U16 Silver - Tier 3/4 U15
Crossfire OR Blue I G02,Crossfire 2002 Blue 1,Clash At the Border Div 2 Gold/Silver U15
Crossfire OR Blue I G02,CROSSFIRE OREGON 2002 BLUE 1 (OR),Nike Crossfire Challenge Silver Group U15
Crossfire OR Blue I G02,CROSSFIRE OREGON BLUE 1 (OR),Oswego Nike Cup Gold U15
Crossfire OR Blue II G02,CROSSFIRE OREGONCROSSFIRE OREGON G02 BLUE II,Mt Hood Challenge Girls U15 Silver/Bronze
Crossfire OR Blue II G02,CROSSFIRE OREGON 2002 BLUE 2 (OR),Oswego Nike Cup Bronze U15
Crossfire OR United ECNL G02,CROSSFIRE UNITED ECNL O2'S (OR),Surf Cup Super White U15
Crossfire OR United ECNL G03,CROSSFIRE UNITED ECNL 2003 (OR),Oswego Nike Cup Gold U15
Crossfire Premier 8 G02,Crossfire Premier 8 G02,RCL G02 8th G Fall
Crossfire Premier A G02,Crossfire Premier G02 A,RCL G02 Div 1
Crossfire Premier A G02,CROSSFIRE PREMIER G02 A (WA),REDAPT Cup Gold U15
Crossfire Premier A G02,CROSSFIRE G02 PREMIER A (WA),Surf Cup Black U15
Crossfire Premier A G02,CROSSFIRE G02 CROSSFIRE PREMIER A (WA),WA Rush Cup G02 Gold U15
Crossfire Premier B G02,CROSSFIRE PREMIER G02 B (WA),Nike Crossfire Challenge Silver Group U15
Crossfire Premier B G02,Crossfire Premier G02-B,RCL G02 Div 2
Crossfire Premier B G02,CROSSFIRE PREMIER G02 B (WA),REDAPT Cup Silver U15
Crossfire Premier B G02,CROSSFIRE 02 B,Snohomish United Invit Gold
Crossfire Premier B G02,CROSSFIRE G02 B (WA),WA Rush Cup G02 Gold U15
Crossfire Premier ECNL G02,CROSSFIRE PREMIER ECNL G02 (WA),Surf Cup Super Black U15
Crossfire Premier ECNL G03,CROSSFIRE PREMIER G03 ECNL (WA),Nike Crossfire Challenge Super Group U15
Crossfire Select Chetanwala G02,Crossfire Select G02 Chetanwala,Crossfire Select U15 Bronze
Crossfire Select Miller G02,Crossfire Select G02 Miller,Crossfire Select U15 Gold Silver Gold-Silver
Crossfire Select Miller G02,Crossfire Select G02 Miller,NPSL Fall - Division 1 (02) U15
Crossfire Select Miller G02,73 Crossfire Select Miiler G02,Pacific Coast Challenge U15
Crossfire Select Miller G02,CROSSFIRE SELECTCROSSFIRE SELECT MILLER G02,Snohomish United Invit Gold
Crossfire Select Reimbold G02,Crossfire Select G02 Reimbold,Crossfire Select U15 Gold Silver Gold-Silver
Crossfire Select Reimbold G02,CSF G02-Gold-Reimbold,Dungeness Cup GU15 Olympic
Crossfire Select Reimbold G02,Crossfire Select Reimbold G02,Labor Day Cup GU15
Crossfire Select Reimbold G02,Crossfire Select G02 Reimbold,NPSL Fall - Division 1 (02) U15
Crossfire Select Reimbold G02,CROSSFIRE SELECT REIMBOLD G02 (WA),REDAPT Cup Gold U15
Crossfire Select Silver G02,Crossfire Select Silver,RVS Classic GU15
Crossfire Select Silver G02,Crossfire Select Silver,Xtreme Cup GU15 Bronze
CSC Storm G02,CORVALLIS CSC 02G (OR),Bend Premier Cup Christine Sinclair (Gold) Division U15
CSC Storm G02,Corvallis SC 02G,PTT G02 Premier
CSC Storm G02,CSC 02G,Capital Cup GU15
CSC Storm G02,CSC 02G,Beaverton Cup GU15 Silver
CUSC Lil Thorns G03,CUSC LIL' THORNS (OR),Bend Premier Cup Thorns Super Group (U14/U15) U15
CUSC Wolfpack G02,CLACKAMAS UNITED WOLFPACK (OR),Bend Premier Cup Mallory Weber (Silver) Division U15
CWSA Navy G02,CENTRAL WASHINGTON SOUNDERSG02 NAVY,Central WA Super Cup Girls U15 Gold
CWSA Navy G02,CW Sounders G02 Navy,Seattle United Cup GU15 Silver
CWSA Navy G02,CWSA G02 Navy,PSPL Classic East U15
CYSA Timber Barons Green G02,CYSA TIMBERBARONS (WA),Bend Premier Cup Thorns Super Group (U14/U15) U15
CYSA Timber Barons Green G02,Timber Barons (Blondin),Cowlitz Kickoff GU15
CYSA Timber Barons Green G02,Timber Barons 02G,PTT G02 Division 2
CYSA Timber Barons Green G02,CYSA Timber Barons,Beaverton Cup GU15 Silver
De Anza Force I G02,DE ANZA FORCE 02G I (CAN),Surf Cup Super Black U15
Delta Coastal Selects G02,DELTA COASTAL SOCCER DCS SELECTS GIRLS (CND),SX Cup Girls U15 Metro - Tier 2 U15
Dragons FC G02,DRAGONS FCDRAGONS 02,Gunners Invitational Girls 2002 Gold
Dragons FC G02,Dragons FC G02,Sounders FC Cup GU15
Dragons FC G02,Dragons FC GU15,Starfire Spring Classic GU15
Dragons FC G02,Dragons FC G02,Xtreme Cup GU15 Silver
Eagles SC ECNL G02,EAGLES ECNL 02 (CAS),Surf Cup Super Black U15
East Valley Blue Earthquakes G02,EarthQuakes - East Valley 02 Girls Blue,Clash At the Border Div 1 Gold/Silver U15
Eastside FC Red G02,Eastside FC 8 G02 A,RCL G02 8th G Fall
Eastside FC Red G02,Eastside FC 8 G02 A,RCL G02 Div 1
Eastside FC White G02,Eastside FC 8 G02 B,RCL G02 8th G Fall
Eastside FC White G02,Eastside FC 8 G02 B,RCL G02 Div 2
Eastside FC Blue G02,Eastside FC G02 Blue Bubar,Eastside FC Cup GU15
Eastside FC Blue G02,EFC G02 Blue - Bubar,RVS Classic GU15
Eastside FC Blue G02,Eastside FC G02 Blue Bubar,Seattle United Cup GU15 Gold
Eastside FC Red G02,EASTSIDE FC 02 RED - LOMBARD (WA),Nike Crossfire Challenge Super Group U15
Eastside FC Red G02,EASTSIDE FC 02 RED -LOMBARD (WA),Surf Cup Super White U15
Eastside FC Red G03,Eastside FC G03 Red,Sounders FC Cup GU15
Eastside FC White G02,EASTSIDE FC G02 WHITE (WA),Bend Premier Cup Mallory Weber (Silver) Division U15
Eastside FC White G02,Eastside FC G02 White,Eastside FC Cup GU15
Eastside FC White G02,EASTSIDE FC G02 WHITE (WA),Nike Crossfire Challenge Gold Group U15
Eastside Timbers Red G02,EASTSIDE TIMBERS '02G RED (OR),Bend Premier Cup Christine Sinclair (Gold) Division U15
Eastside Timbers Red G02,Eastside Timbers 02G Red,Clash At the Border Div 1 Gold/Silver U15
Eastside Timbers Red G02,EASTSIDE TIMBERS '02G RED (OR),Nike Crossfire Challenge Gold Group U15
Eastside Timbers Red G02,Eastside Timbers 02G Red,PTT G02 Premier
Eastside Timbers Red G02,ET 03 Hearts,Beaverton Cup GU15 Silver
Elko Indar G02,ELKO INDAR FUTBOL ELKO INDAR U15 (NV),Bend Premier Cup Thorns Super Group (U14/U15) U15
Emerald City FC Green G02,Emerald City G02 Green,Blast Off G2002 B
Emerald City FC Green G02,Emerald City FC F02 Green,PSPL Copa U15
ETFC Force Black G02,EUGENE TIMBERS FC ETFC 02 G FORCE BLACK (OR),Bend Premier Cup Christine Sinclair (Gold) Division U15
ETFC Force Black G02,ETFC 02G Force Black,PTT G02 Premier
Ethos FC Saints Blue G02,ETHOS FC SAINTS 02G BLUE (CAN),Surf Cup Super Black U15
European FC G02,121 European Football School,Baker Blast U15
FC Edmonds Black Ice G02,FC EDMONDS BLACK ICE G02 (WA),Bend Premier Cup Mallory Weber (Silver) Division U15
FC Edmonds Black Ice G02,FC Edmonds Black Ice,Starfire Spring Classic GU15
FC Edmonds Black Ice G02,FC Edmonds Black Ice,PSPL Super League 2 U15
FC Elk Grove Platinum 1 G02,FC ELK GROVE 02G PLATINUM 1 (CAN),Surf Cup Super Black U15
FC Nova Red AO G03,FC NOVA RED 03 - AO,Idaho D3 Division 1 U15
FC Nova Red MS G02,FC NOVA RED 02 -- MS,Idaho D3 Division 1 U15
FC Nova Red TF G02,FC NOVA RED 02 -- TF,Idaho D3 Division 1 U15
FC Portland Navy G02,FC Portland 2002G,Clash At the Border Div 2 Gold/Silver U15
FC Portland Navy G02,FC PORTLAND ACADEMYFC PORTLAND 02G,Mt Hood Challenge Girls U15 Silver/Bronze
FC Portland Navy G02,FC PORTLAND 2002 GIRLS (OR),Nike Crossfire Challenge Silver Group U15
FC Portland Navy G02,FC Portland 2002 G,Rainier Challenge Copa U15
FC Portland Navy G02,FC Portland 02G Navy,PTT G02 Division 1
FC Portland White G02,FC Portland 02G WHITE,PTT G02 Division 2
FME Fusion G02,FME Fusion G02,Blast Off G2002 B
FME Fusion G02,FME Fusion 02,KITG GU15 White
FME Fusion G02,FME Fusion G02,NPSL Fall - Division 3 (02) U15
FME Fusion G02,FME Fusion 02,RVS Classic GU15
FPSC Fury Black G02,FRANKLIN PIERCEFURY G02 BLACK,Central WA Super Cup Girls U15 Gold
FPSC Fury Black G02,Fury G02 Black,Labor Day Cup GU15
FPSC Fury Black G02,FRANKLIN PIERCEFPSC FURY G02 BLACK,Mt Hood Challenge Girls U15 Premier/Gold
FRAM Hoffman G02,FRAM HOFFMAN (CAS),Surf Cup Super Black U15
Fullerton Rangers White G02,FULLERTON RANGERS G01 WHITE (CAS),Surf Cup Super Black U15
Fusion FC G02,FUSION FC 2002 GIRLS (CANADA),SX Cup Girls U15 Premier - Tier 1 U15
FWFC Blue G02,FEDERAL WAY FC FWFC G02 BLUE (WA),Bigfoot Gold U15
FWFC Blue G02,FEDERAL WAY FC FWFC G02 BLUE (WA),Nike Crossfire Challenge Super Group U15
FWFC Blue G02,FWFC G02 Blue,Rainier Challenge Copa U15
FWFC Blue G02,FWFC G02 Blue (A),RCL G02 Div 2
GPS National Team North G02,GPS NATIONAL TEAM NORTH (MA),Surf Cup Super White U15
Grants Pass YSC Blazers Blue G02,GPYSC 02G Blue,SOCL Cascade U15
Grants Pass YSC Chaos Blue G04,GPYSC 04G Blue,SOCL Cascade U15
Grants Pass YSC Chaos White G04,GPYSC 04G White,SOCL Cascade U15
GS Surf 8 G02,GS Surf 8 G02,RCL G02 8th G Fall
GS Surf A G02,GREATER SEATTLE SURF GS SURF G02A (WA),Nike Crossfire Challenge Super Group U15
GS Surf A G02,GS Surf G02 A,RCL G02 Div 1
GS Surf A G02,GREATER SEATTLE SURF GS SURF G02A (WA),WA Rush Cup G02 Gold U15
GS Surf B G02,GS Surf G02 B,RCL G02 Div 2
GS Surf B G02,Greater Seattle Surf SC G02 B,Starfire Spring Classic GU15
GS Surf B G02,GREATER SEATTLE SURF GS SURF G02B (WA),WA Rush Cup G02 Silver U15
GS Surf B G02,Greater Seattle Surf SC G02B,US Club Regionals 2002
GS Surf C G02,GS Surf G02 C,RCL G02 Div 4
GS Surf C G02,GREATER SEATTLE SURF SURF G015 C (WA),REDAPT Cup Silver U15
GS Surf C G02,GREATER SEATTLE SURF SURF G015 C (WA),WA Rush Cup G02 Silver U15
GS Surf C G03,GREATER SEATTLE SURF G014C,Snohomish United Invit Gold
Harbor Mustangs G02,Harbor Soccer Club - GU15 Mustangs 2002,SSUL G02 Division 2
Harbor Premier 8 G02,Harbor Premier 8 G02,RCL G02 8th G Fall
Harbor Premier Green G02,HARBOR PREMIER G02 GREEN (WA),Nike Crossfire Challenge Super Group U15
Harbor Premier Green G02,HARBOR PREMIER G02 GREEN (WA),Oswego Nike Cup Gold U15
Harbor Premier Green G02,Harbor Premier G2002 Green,Rainier Challenge Samba U15
Harbor Premier Green G02,Harbor Premier G02 Green A,RCL G02 Div 2
Harbor Premier Green G02,Harbor Premier FC G02 Green,RVS Classic GU15
Harbor Premier Green G02,Harbor Premier G02 Green,Tyee Cup G02 Gold
Harbor Premier White G02,Harbor Premier G02 White B,RCL G02 Div 4
Harbor Premier White G02,Harbor Premier FC G02 White,RVS Classic GU15
Harbor Premier White G02,Harbor Premier FC G02 White,Sounders FC Cup GU15
Harbor Premier White G02,Harbor Premier FC White,Starfire Spring Classic GU15
Harbor Premier White G02,Harbor Premier G02 White,Tyee Cup G02 Gold
Heat FC ECNL G02,HEAT FC 02 ECNL (NV),Surf Cup Super White U15
Highline Premier Blue G02,Highline Premier Eagles G02,Rainier Challenge Copa U15
Highline Premier Blue G02,HIGHLINE PREMIER FC HIGHLINE PREMIER G02 (WA),WA Rush Cup G02 Silver U15
HSC Bulls G02,HSC BULLS 02G ACADEMY (HI),Surf Cup Super White U15
HSC Galaxy G02,HILLSBOROHSC G02 GALAXY,Mt Hood Challenge Girls U15 Silver/Bronze
HSC GPS Oregon G02,HILLSBOROHSC G02 GPS OREGON,Mt Hood Challenge Girls U15 Premier/Gold
HSC GPS Oregon G02,GPS OREGON 02G (OR),REDAPT Cup Gold U15
HSC GPS Oregon G02,HSC 02G GPSO,PTT G02 Premier
Idaho Arsenal United Aftershock G02,ARSENAL UNITED FC ARSENAL UNITED AFTERSHOCK,Idaho D3 U14/U15 Division 2 U15
Idaho Rush Nero G02,IDAHO RUSH NERO (2002) (ID),Bend Premier Cup Mallory Weber (Silver) Division U15
Idaho Rush Nero G02,IDAHO RUSH NERO (2002),Idaho D3 U14/U15 Division 2 U15
Idaho Rush Premier G02,IDAHO RUSH PREMIER (2002),Idaho D3 Division 1 U15
Idaho Rush Premier G02,IDAHO RUSHIDAHO RUSH PREMIER (2002),NWCL Girls 02
Idaho Rush Premier G03,IDAHO RUSH PREMIER (2003),Idaho D3 Division 1 U15
Indie Chicas Cyan G02,2002 INDIE CHICAS CYAN,Idaho D3 Division 1 U15
Indie Chicas Cyan G03,2003 INDIE CHICAS CYAN,Idaho D3 Division 1 U15
Indie Chicas Lime G02,2002 INDIE CHICAS LIME,Idaho D3 Division 1 U15
Indie Chicas Lime G03,2003 INDIE CHICAS LIME,Idaho D3 Division 1 U15
Irish FC Gators G02,Irish FC Gators G02,KCC GU15
Irish FC Gators G02,Irish Gators,Sky River GU15
Irish United G02,KIDSPORTS IRISH UNITED '02 (OR),Bend Premier Cup Thorns Super Group (U14/U15) U15
ISC Gunners A G02,ISC Gunners G02A,Clash At the Border Div 1 Gold/Silver U15
ISC Gunners A G02,ISC GUNNERS FC ISC GUNNERS G02 A (WA),Nike Crossfire Challenge Silver Group U15
ISC Gunners A G02,ISC GUNNERS FCISC GUNNERS G02 A,NWCL Girls 02
ISC Gunners A G02,ISC GUNNERS FC ISC GUNNERS G02 A (WA),WA Rush Cup G02 Gold U15
ISC Gunners A G02,ISC Gunners G02A,PSPL Super League 1 West U15
ISC Gunners A G02,ISC Gunners G02A,US Club Regionals 2002
ISC Gunners B G02,ISC Gunners G02B,Clash At the Border Div 2 Gold/Silver U15
ISC Gunners B G02,ISC GUNNERS FCISC GUNNERS G02 B,Gunners Invitational Girls 2002 Gold
ISC Gunners B G02,ISC Gunners G02B,Sounders FC Cup GU15
ISC Gunners B G02,ISC GUNNERS FC ISC GUNNERS G02 B (WA),WA Rush Cup G02 Silver U15
ISC Gunners B G02,ISC Gunners G02B,PSPL Classic West U15
ISC Gunners Rec Ghana G02,IFC Ghana,Sky River GU15
ISC Gunners Select G02,ISC GUNNERS G02 SELECT (WA),Bigfoot Silver U15
ISC Gunners Select G02,ISC GUNNERSISC GUNNERS G02 SELECT,Gunners Invitational Girls 2002 Gold
ISC Gunners Select G02,ISC Gunners G02 Select,PSPL Copa U15
Juneau Girls G02,JUNEAU JSC 02/03 GIRLS,Mt Hood Challenge Girls U15 Silver/Bronze
Kent United Green G02,Kent United 8 G02,RCL G02 8th G Fall
Kent United Green G02,Kent United - G02 Green A,RCL G02 Div 4
Kent United Green G02,KENT UNITEDKENT UNITED G02 SMITH,Gunners Invitational Girls 2002 Gold
Kent United Green G02,Kent United G02 Smith,RVS Classic GU15
Kent United Green G02,KENT UNITED G02 SMITH (WA),WA Rush Cup G02 Silver U15
Kent United White G02,Kent United G02 White,Blast Off G2002 B
Kent United White G02,Kent United G02 White,KCC GU15
Kent United White G02,Kent United G02 White,Labor Day Cup GU15
Kent United White G02,Kent United G02 White,Xtreme Cup GU15 Bronze
Kidsports McKenzie Strykers FC G02,PELEDA FOOTBALL MCKENZIE STRYKERS (OR),Bend Premier Cup Mallory Weber (Silver) Division U15
Kidsports McKenzie Strykers FC G02,PFA 02G Mckenzie Strykers,PTT G02 Division 1
Kitsap Alliance Red G02,Kitsap Alliance FC G02A,Labor Day Cup GU15
Kitsap Alliance Red G02,KITSAP ALLIANCE FC G02A (WA),Nike Crossfire Challenge Gold Group U15
Kitsap Alliance Red G02,Kitsap Alliance FC G02 A,RCL G02 Div 3
Kona Crush G02,KONA CRUSH KCSA 02G (HI),Nike Crossfire Challenge Silver Group U15
LA Galaxy SD Elite G02,LA GALAXY SD ELITE 02 - DRUMMOND (CAS),Surf Cup Super White U15
LA Premier FC G02,LA PREMIER FC (USA),SX Cup Girls U15 Premier - Tier 1 U15
Lake Hills Supreme G02,LAKE HILLS SUPREME (WA),Bigfoot Silver U15
Lake Hills Supreme G02,LHSC Supreme G02,Crossfire Select U15 Gold Silver Gold-Silver
Lake Hills Supreme G02,Lake Hills Supreme G02,NPSL Fall - Division 3 (02) U15
Langley FC Heat G02,PGML LANGLEY HEAT (CANADA),SX Cup Girls U15 Gold/U16 Silver - Tier 3/4 U15
Las Vegas Premier SA Red G02,LVPSA '02 GIRLS RED (NV),Surf Cup Black U15
LASC IFC Coras G02,IFC 02G Coras,PTT G02 Division 2
Leahi 03 Premier G02,Leahi 03 Maile,Sounders FC Cup GU15
Legends FC Academy II G02,LEGENDS FC ACADEMY II (CAS),Surf Cup Black U15
Legends FC G02,LEGENDS FC 2002 (CAS),Surf Cup Super Black U15
LWPFC White Stingrays G02,LAKE WASHINGTON PREMIER FC WHITE STINGRAYS (WA),Bigfoot Gold U15
LWPFC White Stingrays G02,Lake Washington PFC White Stingrays,Clash At the Border Div 1 Gold/Silver U15
LWPFC White Stingrays G02,LWPFC White Stingrays,PSPL Super League 1 West U15
MIFC Thunder G02,Mercer Island Thunder,Blast Off G2002 B
MIFC Thunder G02,MIFC Thunder G02,KCC GU15
MIFC Thunder G02,Mercer Island Thunder,RVS Classic GU15
MIFC Thunder G02,MIFC G02 Sandwith,NPSL Fall - Division 3 (02) U15
Missoula Strikers Black G02,MISSOULA STRIKERS BLACK 13G-PR (MT),River City Challenge Girls U15 (2002) U15
Moscow United G02,MOSCOW UNITED SC 02G- HICKE,IPL U14/U15 East U15
MRFC Blue G02,MT. RAINIER FCMRFC G02 HANBIDGE,Central WA Super Cup Girls U15 Gold
MRFC Blue G02,MRFC Wakefield G02,River Jam Samba U15
MRFC Blue G02,MRFC G02 Hanbidge,PSPL Super League 1 West U15
MRFC Blue G02,MRFC G02 Hanbidge,US Club Regionals 2002
MRFC White G02,MRFC 02 White,Clash At the Border Div 2 Gold/Silver U15
MRFC White G02,MRFC G02 Hall,Seattle United Cup GU15 Silver
MRFC White G02,MRFC G02 Hall,Labor Day Cup GU15
MRFC White G02,MRFC G02 Hall,PSPL Classic West U15
Mukilteo Rush G02,Rush Select G02,Crossfire Select U15 Gold Silver Gold-Silver
Mukilteo Rush G02,Rush Select G02 A,NPSL Fall - Division 2 (02) U15
Mukilteo Rush G02,Rush Select G02,Summer Slam Gold/Silver U15
Mukilteo Rush G02,Rush Select G02,Xtreme Cup GU15 Silver
Mukilteo Rush Nero G02,Rush Select G02 Nero,Crossfire Select U15 Bronze
Mukilteo Rush Nero G02,WASHINGTON RUSHWASHINGTON RUSH SELECT NERO G02,Mt Hood Challenge Girls U15 Silver/Bronze
Mukilteo Rush Nero G02,Rush Select G02 Nero B,NPSL Fall - Division 2 (02) U15
Mukilteo Rush Nero G02,Rush Select G02 Nero,Starfire Spring Classic GU15
Mukilteo Rush Nero G02,Rush Select G02 Nero,Xtreme Cup GU15 Bronze
MUSC Magic G02,MUSC MAGIC 02F (CANADA),SX Cup Girls U15 Metro - Tier 2 U15
Mustang SC Red G02,MUSTANG SC 02G RED,Mt Hood Challenge Girls U15 Silver/Bronze
MVLA Blue EGSL G02,MVLA CITY EGSL (CAN),Surf Cup Super White U15
MVLA ECNL G02,MVLA CITY ECNL 2002 (CAN),Surf Cup Super Black U15
MVP Marauders Navy G02,MVP Marauders 02 Navy,Labor Day Cup GU15
MVP Marauders Navy G02,MAPLE VALLEY PREMIER MARAUDERS 02 NAVY (WA),Oswego Nike Cup Silver U15
MVP Marauders Navy G02,Marauders Navy 02,Rainier Challenge Samba U15
MVP Marauders Navy G02,MVP Marauders 02 Navy,PSPL Super League 1 West U15
MVP Marauders White G02,MAPLE VALLEY PREMIER MVP MARAUDERS 02 WHITE (WA),Bigfoot Silver U15
MVP Marauders White G02,MAPLE VALLEY PREMIERMVP MARAUDERS 02 WHITE,Central WA Super Cup Girls U15 Gold
MVP Marauders White G02,MVP Marauders 02 White,Starfire Spring Classic GU15
MVP Marauders White G02,MVP Marauders 02 White,PSPL Copa U15
NC Alliance FC G02,NORTH COUNTY ALLIANCE FC G02 (WA),Bend Premier Cup Christine Sinclair (Gold) Division U15
NC Alliance FC G02,North County Alliance FC G02,Seattle United Cup GU15 Gold
NC Alliance FC G02,North County Alliance FC G02,Skagit Firecracker U15
NC Alliance FC G02,NORTH COUNTY ALLIANCE FC G02 (WA),SX Cup Girls U15 Metro - Tier 2 U15
NC Alliance FC G02,North County Alliance NC Alliance FC G02,PSPL Super League 2 U15
NEU Noreaster White G02,NORTHEAST UNITED PDX NEU PDX 02G WHITE (OR),Nike Crossfire Challenge Silver Group U15
NEU Noreaster White G02,NEU PDX 02G WHITE (OR),Oswego Nike Cup Gold U15
NEU Noreaster White G02,NEU PDX 02G White,PTT G02 Premier
Newport FC G03,NEWPORT YOUTH NEWPORT FC G'03 (WA),REDAPT Cup Silver U15
Next Gen Select Squad G02,NEXT GEN USA 2002 SELECT SQUAD (USA),Surf Cup Super White U15
NJ Crush FC Tsunami G02,NJ CRUSH FC TSUNAMI 01 NPL (NJ),Surf Cup Black U15
NK Fury G02,NK G02 Fury,Blast Off G2002 B
NK Fury G02,NK Fury,Labor Day Cup GU15
NK Fury G02,NK Fury 02,PSPL Classic West U15
NK Fury G02,NK Fury,Sky River GU15
Nortac Sparta Red G02,Nortac Sparta G02 Red,Labor Day Cup GU15
Nortac Sparta Red G02,Nortac Sparta G02 Red,Seattle United Cup GU15 Silver
Nortac Sparta Red G02,NORTAC SPARTA G02 Red,PSPL Super League 2 U15
North Idaho Inferno Blue G02,NORTH IDAHO INFERNO F C VESCIANO G-02 BLUE (ID),River City Challenge Girls U15 (2002) U15
North Idaho Inferno Blue G02,NORTH IDAHO INFERNO F C VESCIANO G-02 BLUE,IPL U14/U15 East U15
North Idaho Inferno Orange G02,NORTH IDAHO INFERNO N.I. INFERNO F.C. 02 PM ORANGE (ID),Oswego Nike Cup Silver U15
North Idaho Inferno Orange G02,Inferno Muhlberger G02,PSPL Classic East U15
NPSA Titans Navy G02,NPSA G02 BELLEVUE,Central WA Super Cup Girls U15 Gold
NPSA Titans Navy G02,NPSA Titans GU15 Bellevue,RVS Classic GU15
NPSA Titans Navy G02,NPSA G02 Navy Bellevue,PSPL Copa U15
NPSA Titans Navy G02,NPSA Bellevue,Sky River GU15
NSC Green Velocity G02,NSC G02 Green Velocity,Crossfire Select U15 Gold Silver Gold-Silver
NSC Green Velocity G02,NSC G02 Green Velocity,NPSL Fall - Division 1 (02) U15
NSC Green Velocity G02,Velocity (Treichel),Cowlitz Kickoff GU15
NSC Green Velocity G02,NORTHSHORE SELECT NSC G02 GREEN VELOCITY (WA),Bigfoot Gold U15
NSC Montana G02,NSC Montana,Clash At the Border Div 2 Gold/Silver U15
NSC White Adrenaline G02,NSC G02 White - Adrenaline,KCC GU15
NSC White Adrenaline G02,NSC G02 WHITE - ADRENALINE (WA),REDAPT Cup Silver U15
NSC White Adrenaline G02,NSC G02 White Adrenaline,NPSL Fall - Division 2 (02) U15
NSC White Adrenaline G02,NSC White Adrenaline,Sky River GU15
NSGSC Renegades G02,NSGSC RENEGADES (CND),SX Cup Girls U15 Metro - Tier 2 U15
NW United Black G02,Northwest United 8 G02 Black,RCL G02 8th G Fall
NW United Black G02,Northwest United 8 G02 Black,RCL G02 Div 3
NW United Red G02,Northwest United 8 G02 Red,RCL G02 8th G Fall
NW United Red G02,Northwest United 8 G02 Red,RCL G02 Div 4
NW United Black G02,NORTHWEST UNITED FCNW UNITED FC02 POWELL,NWCL Girls 02
NW United Black G02,Northwest United GU15 2002 Powell,Skagit Firecracker U15
NW United Black G02,NORTHWEST UNITED FC NW UNITED FC02 POWELL (WA),WA Rush Cup G02 Gold U15
NW United Red G02,NORTHWEST UNITED G02 RED (WA),Bigfoot Silver U15
NW United Red G02,Northwest United G02 Red,Crossfire Select U15 Bronze
NW United Red G02,74 Northwest United G02 Red,Pacific Coast Challenge U15
NW United Red G02,Northwest United G02 Red,Skagit Firecracker U15
NWSC Impact G02,NORTHWEST (NSC) NSC U15G (OR),Bend Premier Cup Mallory Weber (Silver) Division U15
NWSC Impact G02,NSC U15G Impact,Clash At the Border Div 2 Gold/Silver U15
NWSC Impact G02,NORTHWEST (NSC) NSC U15G IMPACT (OR),Oswego Nike Cup Bronze U15
NWSC Impact G02,NSC 02G Impact,PTT G02 Division 1
Oceanside Breakers Black G02,OCEANSIDE BREAKERS G02 BLACK (CAS),Nike Crossfire Challenge Gold Group U15
Olympia Revolution G02,OUSC Revolution,KITG GU15 White
Oregon Trails FC Fusion G02,OREGON TRAILOREGON TRAIL SC FUSION,Mt Hood Challenge Girls U15 Silver/Bronze
Oregon Trails FC Fusion G02,OREGON CITY FUSION (OR),Oswego Nike Cup Bronze U15
Oregon Trails FC Fusion G02,OCSC 02G OTFC Fusion,PTT G02 Division 2
Oregon Trails FC Fusion G02,OC Fusion,Capital Cup GU15
Pacific FC Force G02,Pacific FC Force (Wall),Cowlitz Kickoff GU15
Pacific FC United G02,Pacific FC United,Clash At the Border Div 2 Gold/Silver U15
Pacific FC United G02,PACIFIC FCPACIFIC FC UNITED G02,Mt Hood Challenge Girls U15 Silver/Bronze
Pacific FC United G02,Pacific FC G02 United,PTT G02 Division 2
Pacific FC United G02,PFC United,Beaverton Cup GU15 Silver
PacNW Gold G02,PacNW 8 G02 Gold,RCL G02 8th G Fall
PacNW Blue G02,PACNW FC PACNW 02 BLUE (WA),Nike Crossfire Challenge Gold Group U15
PacNW Blue G02,PacNW G02 Blue B,RCL G02 Div 3
PacNW Blue G02,PACNW BLUE 02 (WA),WA Rush Cup G02 Gold U15
PacNW Gold G02,PacNW G02 Gold,Rainier Challenge Samba U15
PacNW Maroon G02,PACIFIC NORTHWEST PACNW 02 MAROON (WA),Nike Crossfire Challenge Super Group U15
PacNW Maroon G02,PacNW G02 Maroon A,RCL G02 Div 1
PacNW Maroon G02,PACNW 02 MAROON (WA),Surf Cup Black U15
PacNW Maroon G02,PAC NW G02 MAROON (USA),WA Rush Cup G02 FWRL U15
PacNW Maroon G02,PacNW 02 Maroon,FWRL G02
PacNW Maroon G03,PACIFIC NORTHWESTPACNW MAROON,Mt Hood Challenge Girls U15 Premier/Gold
PacNW White G02,PacNW 02White,Rainier Challenge Copa U15
PacNW White G02,PacNW G02 White C,RCL G02 Div 4
PacNW White G02,PACNW G02W (WA),WA Rush Cup G02 Silver U15
PCU Red G02,PCU 02G Red,Clash At the Border Div 2 Gold/Silver U15
PCU Red G02,PCU 02G Red,PTT G02 Division 2
Pelada FA Willamette G02,PFA 02G Willamette,PTT G02 Division 2
Placer United Gold G02,PLACER UNITED 02G GOLD (CAN),Surf Cup Black U15
Prince George Timberwolves G02,PRINCE GEORGE YOUTH TIMBERWOLVES (CND),SX Cup Girls U15 Metro - Tier 2 U15
PSA Force G02,118 PSA Force G02,Baker Blast U15
PSA Force G02,PSA G02 Force-Holmquist,Crossfire Select U15 Gold Silver Gold-Silver
PSA Force G02,PSA G02 Force_Holmquist,NPSL Fall - Division 2 (02) U15
PSA Force G02,PSA G02 Force_Holmquist,Summer Slam Gold/Silver U15
PSCN Breeze G02,PSCN Breeze,Summer Slam Gold/Silver U15
PSPL Surf Academy G02,PSPL SURF ACADEMY PSPL ACADEMY G02 (WA),Oswego Nike Cup Gold U15
PSPL Surf Academy G02,PSPL SURF ACADEMY G'02 (UNITED STATES),SX Cup Girls U15 Premier - Tier 1 U15
PSPL Surf Academy Green G02,PSPL SURF ACADEMY PSPL ACADEMY G02 GREEN (WA),SX Cup Girls U15 Gold/U16 Silver - Tier 3/4 U15
PSU Wildcats G02,PUYALLUP WILDCATS,Mt Hood Challenge Girls U15 Silver/Bronze
PSU Wildcats G02,Puyallup Wildcats,Xtreme Cup GU15 Bronze
PSU Wildcats G02,Wildcats,KITG GU15 Red
PSU Wildcats G02,Puyallup Soccer Union G02 Kelly,PSPL Copa U15
Real Middleton Madrid G02,REAL MIDDLETON CF MADRID,Idaho D3 U14/U15 Division 2 U15
Rocky Mountain FC G02,ROCKY MOUNTAIN FC RMFC 2002 GIRLS (MT),Nike Crossfire Challenge Silver Group U15
Rogue Valley Timbers White G02,RVT 02G White,SOCL Cascade U15
Rogue Valley Timbers White G03,RVT 03G White,SOCL Cascade U15
Rogue Valley Timbers White G04,RVT 04G White,SOCL Cascade U15
RSA Elite Ramirez G02,RSA Elite G02 Ramirez,Seattle United Cup GU15 Gold
RSA Elite Ramirez G02,RSA Elite G02 Ramirez,Eastside FC Cup GU15
RSA Elite Ramirez G02,RSA Elite G02 Ramirez,PSPL Super League 1 West U15
RV Slammers Orange G02,RAINIER VALLEY SLAMMERS FC RVS G02 ORANGE (WA),Nike Crossfire Challenge Silver Group U15
RV Slammers Orange G02,RVS G02 Orange,RCL G02 Div 3
RV Slammers Orange G02,RVS G02 ORANGE,RVS Classic GU15
RV Slammers White G02,RVS G02 White,Crossfire Select U15 Gold Silver Gold-Silver
RV Slammers White G02,RVS G02 White,RCL G02 Div 4
RV Slammers White G02,RVS G02 WHITE,RVS Classic GU15
RV Slammers White G02,RVS G02 White,Tyee Cup G02 Gold
San Diego Surf Academy EGSL G02,SD SURF SC EGSL ACADEMY 2002 (CAS),Surf Cup Super White U15
San Diego Surf ECNL G02,SD SURF ECNL ACADEMY 2002 (CAS),Surf Cup Super Black U15
San Jose Earthquakes Academy G02,SAN JOSE FC EARTHQUAKES 02G ACADEMY - JW (CAN),Surf Cup Super White U15
San Juan SC Spirits ECNL G02,SAN JUAN SC SPIRITS 02 ECNL (CAN),Surf Cup Super Black U15
Sandpoint Strikers G02,SANDPOINT STRIKERS FC MCLAUGHLIN,IPL U14/U15 East U15
Sandpoint Strikers G02,SANDPOINT STRIKERS FC MCLAUGHLIN (ID),Les Schwab NW Cup Girls U15 U15
Sandpoint Strikers G02,SANDPOINT STRIKERS FC MCLAUGHLIN (ID),River City Challenge Girls U15 (2002) U15
Santa Clara Sporting Green G02,SANTA CLARA SPORTING 02G GREEN (CAN),Surf Cup Black U15
Santa Rosa United ECNL G02,SANTA ROSA UNITED 02G ECNL (CAN),Surf Cup Black U15
Seattle Celtic Green G02,Seattle Celtic G02 Green,Xtreme Cup GU15 Silver
Seattle Celtic Green G02,Seattle Celtic G02 Green,PSPL Copa U15
Seattle United Copa G02,Seattle United 8 G02,RCL G02 8th G Fall
Seattle United Copa G02,SEATTLE UNITED G02 COPA (WA),Nike Crossfire Challenge Super Group U15
Seattle United Copa G02,Seattle United G02 Copa A,RCL G02 Div 1
Seattle United Copa G02,SEATTLE UNITED G02 (WA),Surf Cup Super White U15
Seattle United Copa G02,SEATTLE UNITED G02 COPA (USA),WA Rush Cup G02 FWRL U15
Seattle United Copa G02,Seattle United G02 Copa A,FWRL G02
Seattle United NE Blue G02,SU NE G02 Blue,Crossfire Select U15 Gold Silver Gold-Silver
Seattle United NE Blue G02,Seattle United NE G02,Seattle United Cup GU15 Silver
Seattle United NE Blue G02,SEATTLE UNITEDNE G02 BLUE,Snohomish United Invit Gold
Seattle United S Blue G02,Seattle United South G02 Blue,KITG GU15 Red
Seattle United S Blue G02,Seattle United South G02 Blue,NPSL Fall - Division 3 (02) U15
Seattle United S Blue G02,Seattle United South Blue U15,Seattle United Cup GU15 Silver
Seattle United S Blue G02,Seattle United South Blue U15,Xtreme Cup GU15 Silver
Seattle United Shoreline Blue G02,SU Shoreline G02,Crossfire Select U15 Gold Silver Gold-Silver
Seattle United Shoreline Blue G02,SEATTLE UNITED SU SHORELINE G02 BLUE (WA),REDAPT Cup Silver U15
Seattle United Shoreline Blue G02,Seattle United Shoreline G02,Seattle United Cup GU15 Silver
Seattle United Tango G02,Seattle United G02 Tango,Eastside FC Cup GU15
Seattle United Tango G02,Seattle United G02 Tango B,RCL G02 Div 2
Seattle United Tango G02,Seattle United G02 Tango,Starfire Spring Classic GU15
Seattle United W Blue G02,SU West G02 Blue,Crossfire Select U15 Gold Silver Gold-Silver
Seattle United W Blue G02,Seattle United West G02 Blue,NPSL Fall - Division 2 (02) U15
Seattle United W Blue G02,SEATTLE UNITED WEST G02 BLUE (WA),REDAPT Cup Silver U15
Seattle United W Blue G02,Seattle United West G02 Blue,Seattle United Cup GU15 Gold
SGU Gunners G02,SGU GUNNERS (CANADA),SX Cup Girls U15 Metro - Tier 2 U15
Silver FC G02,Silver FC G02,KCC GU15
Silver FC G02,Silver FC G02,KITG GU15 Red
Silver FC G02,Silver FC G02,Blast Off G2002 B
Slammers FC ECNL G02,SLAMMERS FC G02 ECNL (CAS),Surf Cup Super Black U15
Slammers FC ECNL Reserves G02,SLAMMERS FC G02 RESERVE (CAS),Surf Cup Super White U15
SMYSC Eclipse G02,SMYSC Eclipse,Dungeness Cup GU15 Olympic
SMYSC Eclipse G02,South Mason Youth Soccer Club - GU15,SSUL G02 Division 2
Sno-Kin Glostix G02,Sno-King Glostix,Sky River GU15
Snohomish United 8 G02,Snohomish United 8 G02,RCL G02 8th G Fall
Snohomish United Black G02,SNOHOMISH UNITED G02 BLACK A (WA),Bigfoot Gold U15
Snohomish United Black G02,SNOHOMISH UNITED G02 BLACK A (WA),Nike Crossfire Challenge Gold Group U15
Snohomish United Black G02,SNOHOMISH UNITED BLACK A,RCL G02 Div 3
Snohomish United Red G02,SNOHOMISH UNITED G02 RED B (WA),Bigfoot Silver U15
Snohomish United Red G02,SNOHOMISH United Red,RCL G02 Div 4
Snohomish United Red G02,SNOHOMISH UNITED G02 RED B (WA),REDAPT Cup Silver U15
Snohomish United Red G02,SNOHOMISH UNITEDG02 RED B,Snohomish United Invit Gold
So Cal Blue Holley G02,SC BLUES HOLLEY 02 (CAS),Surf Cup Super White U15
So Cal Blues Baker G02,SO CAL BLUES - BAKER (CAS),Surf Cup Super Black U15
SOSA Spirit G02,SOSA Spirit,SOCL Cascade U15
Southlake Select Red Tigers G02,SOUTHLAKE SELECT TIGERS (WA),Bigfoot Silver U15
Southlake Select Red Tigers G02,Southlake Select Tigers G02,KCC GU15
Southlake Select Red Tigers G02,Southlake Select G02 Red,SSUL G02 Division 2
Southlake Select Red Tigers G02,SLS Tigers (Bennick),Cowlitz Kickoff GU15
Sparta Premier 03 G02,SPARTA UNITED 02 PREMIER KL (UT),Surf Cup Black U15
Spokane Foxes Premier G02,SPOKANE FOXES PUMAS FCFOXES 02 PREMEIRE,Central WA Super Cup Girls U15 Gold
Spokane Foxes Premier G02,SPOKANE FOXES PUMAS FC FOXES 02 PREMEIRE (WA),Oswego Nike Cup Silver U15
Spokane Foxes Premier G02,Spokane Foxes Pumas FC '02 Foxes Cardenas/Carlson,PSPL Super League 1 East U15
Spokane Scotties Klein G02,SPOKANE SCOTTIES SCOTTIES KLEIN G02 (WA),Les Schwab NW Cup Girls U15 U15
Spokane Scotties Klein G02,IEYSA Scotties G02 Klein,PSPL-Inland Copa 1 U15
Spokane Sounders 8 G02,Spokane Sounders 8 G02,RCL G02 8th G Fall
Spokane Sounders A G02,SPOKANE SOUNDERS G2002A - C (WA),Les Schwab NW Cup Girls U15 U15
Spokane Sounders A G02,SPOKANE SHADOW G02 A SPOKANE SOUNDERS (WA),Nike Crossfire Challenge Super Group U15
Spokane Sounders A G02,Spokane Sounders G02-A,RCL G02 Div 1
Spokane Sounders B G02,SPOKANE SOUNDERS G2002B (WA),Les Schwab NW Cup Girls U15 U15
Spokane Sounders B G02,SPOKANE SHADOW SOUNDERS G02 B (WA),Nike Crossfire Challenge Silver Group U15
Spokane Sounders B G02,SPOKANE SOUNDERS G2002B (WA),Oswego Nike Cup Silver U15
Spokane Sounders B G02,Spokane Sounders G02-B,RCL G02 Div 3
Spokane Sounders C G02,SPOKANE SHADOW/SOUNDERS G02C-ROBIN (WA),Les Schwab NW Cup Girls U15 U15
Spokane Sounders C G02,Spokane Sounders G02-C,RCL G02 Div 4
SSC Shadow Elite Denman G02,SSC SHADOW UNITED G03 DENMAN,IPL U14/U15 East U15
SSC Shadow Elite Dimmler G03,SSC SHADOW ELITE G03 DIMMLER,IPL U14/U15 East U15
SSC Shadow Elite G02,SHADOW ELITE (WA),River City Challenge Girls U15 (2002) U15
SSC Shadow Elite G02,SPOKANE SHADOW O'CONNOR 02 (WA),Oswego Nike Cup Bronze U15
SSC Shadow Elite Krum G03,SSC SHADOW ELITE G03 KRUM,IPL U14/U15 East U15
Sting SC Timbers G02,STING TIMBERS FC 02G,IPL U14/U15 East U15
Sting SC Timbers Red G03,STING TIMBERS FC 03G RED,IPL U14/U15 East U15
Storm King G02,Storm King GU15,Dungeness Cup GU15 Olympic
Storm King G02,Storm King G02,NPSL Fall - Division 1 (02) U15
Storm King G02,Storm King GU15,Seattle United Cup GU15 Gold
Strikers FC ECNL G02,STRIKERS FC 02 ECNL (CAS),Surf Cup Super White U15
STU Evolution Black G02,STU Evolution G02 Black,SSUL G02 Division 2
STU Ladysharks G02,STU LADYSHARKS,River Jam Samba U15
Surrey United Heat G02,SURREY UNITED HEAT (CANADA),SX Cup Girls U15 Gold/U16 Silver - Tier 3/4 U15
Table Rock Wildcats G02,TRSC Wildcats,SOCL Cascade U15
TC United Navy G02,THURSTON COUNTY UNITEDTC UNITED G02 NAVY-CROWE,Central WA Super Cup Girls U15 Gold
TC United Navy G02,THURSTON COUNTY UNITED G02 NAVY-CROWE (WA),Oswego Nike Cup Silver U15
TC United Navy G02,TC United G02 Fall - Scher/Crowe,PSPL Classic West U15
TC United White G02,TC United G02 White,KITG GU15 Green
TC United White G02,TC United G02 White - Scher,Xtreme Cup GU15 Silver
Thelo Thunder G02,THELO UNITED THELO THUNDER (OR),Bend Premier Cup Thorns Super Group (U14/U15) U15
Thelo Thunder G02,THELO UNITED FCTHELO THUNDER,Mt Hood Challenge Girls U15 Silver/Bronze
Thelo Thunder G02,Thelo United FC 02G,PTT G02 Division 1
Thelo Thunder G02,Thelo Thunder,Capital Cup GU15
Thompson Okanagan FC G02,THOMPSON OKANAGAN FC 2002 GIRLS (CANADA),SX Cup Girls U15 Premier - Tier 1 U15
Three Rivers SC Black G02,3RSC 8 G02,RCL G02 8th G Fall
Three Rivers SC Black G02,3RSC 8 G02,RCL G02 Div 3
Three Rivers SC Black G02,3rsc G2002 Black,RCL G02 Div 1
Three Rivers SC Black G02,THREE RIVERS SOCCER CUB 3RSC G02 A (WA),WA Rush Cup G02 FWRL U15
Three Rivers SC Black G02,3rsc G2002 Black,FWRL G02
Three Rivers SC Black G02,Three Rivers G02 Black,US Club Regionals 2002
Thunderfoot G03,GU14 Thunderfoot FC,KITG GU15 White
THUSC Lithium G02,THUSC 02G United Lithium,PTT G02 Division 1
THUSC Rapidium G02,TUALATIN HILLS UNITEDTHUSC RAPIDIUM G02,Mt Hood Challenge Girls U15 Silver/Bronze
THUSC Rapidium G02,THUSC 02G United Rapidium,PTT G02 Division 2
THUSC Rapids G02,THUSC 02G United Rapids,PTT G02 Division 1
THUSC Rapids G02,THUSC Rapids,Summer Slam Gold/Silver U15
THUSC Rapids G02,THUSC Rapids,Beaverton Cup GU15 Silver
THUSC United Mercury G02,THUSC Mercury,Clash At the Border Div 1 Gold/Silver U15
THUSC United Mercury G02,THUSC MERCURY (OR),Oswego Nike Cup Silver U15
TMNT United G02,TMNT UNITED (OR),Bend Premier Cup Mallory Weber (Silver) Division U15
TSC Fire Tigers G02,TSC Fire Tigers,KITG GU15 White
TSC Ladybugs G02,TSC Ladybugs,KITG GU15 Red
TSC Ladybugs G02,Ladybugs,Xtreme Cup GU15 Silver
TSC Ladybugs G02,LSDSC Ladybugs,SSUL G02 Division 2
TSS Blue G02,TSS FC BLUE (CANADA),SX Cup Girls U15 Metro - Tier 2 U15
UPSC Rave Blue G02,UPSC Rave,River Jam Samba U15
UPSC Rave Blue G02,UP Rave,SSUL G02 Division 2
Valley Thunder SC G02,Valley Thunder Soccer Club Nicholas,PSPL-Inland Copa 1 U15
Valor Black Acosta G02,VALOR G02 VALOR BLACK - ACOSTA (USA),Les Schwab NW Cup Girls U15 U15
Valor Black Acosta G02,IEYSA Valor SC G02 Black Acosta,PSPL-Inland Copa 1 U15
Vancouver FC G02,VANCOUVER FC - U15 GIRLS (CANADA),SX Cup Girls U15 Metro - Tier 2 U15
Vancouver Island Wave G02,VANCOUVER ISLAND WAVE 2002 GIRLS (CANADA),SX Cup Girls U15 Premier - Tier 1 U15
Vancouver United Comets G02,Vancouver United Comets,Starfire Spring Classic GU15
Vision WV Academy G02,VISION WV ACADEMY (CAN),Surf Cup Super White U15
VYSA Clark G02,VYSA GIRLS CLARK 01,IPL U14/U15 East U15
WA East G02,WASHINGTON EAST SC G02 ROBLES (WA),Nike Crossfire Challenge Silver Group U15
WA East G02,WASHINGTON EAST SCG02 ROBLES,NWCL Girls 02
WA East G02,Washington East SC G02 Robles,PSPL Super League 1 East U15
WA East G02,Washington East SC G'02,US Club Regionals 2002
WA Rush G02,Washington Rush 8 G02,RCL G02 8th G Fall
WA Rush G02,WASHINGTON RUSH G02 RUSH (WA),Nike Crossfire Challenge Super Group U15
WA Rush G02,WA Rush G02 Rush,Rainier Challenge Samba U15
WA Rush G02,Washington Rush G02 A,RCL G02 Div 1
WA Rush G02,WASHINGTON RUSH G02 RUSH (WA),WA Rush Cup G02 FWRL U15
WA Rush G02,Washington Rush G02 A,FWRL G02
WA Rush Nero G02,WASHINGTON RUSH G02 NERO (WA),Nike Crossfire Challenge Silver Group U15
WA Rush Nero G02,Rush G02 Nero,Rainier Challenge Copa U15
WA Rush Nero G02,Washington Rush G02 Nero B,RCL G02 Div 3
WA Rush Nero G02,WASHINGTON RUSH G02 NERO (WA),WA Rush Cup G02 Silver U15
WAFC Cobras G02,WAFC Cobras,Clash At the Border Div 2 Gold/Silver U15
WAFC Cobras G02,WAFC Cobras,Beaverton Cup GU15 Silver
WAFC Cobras G02,WAFC 02G Cobras,PTT G02 Division 1
Walla Walla United SC Lightning G02,Walla Walla United Soccer Club 2002,PSPL-Inland Copa 1 U15
Washington Timbers -Unk G02,WA Timbers (Olave) [G02],Cowlitz Kickoff GU15
Washington Timbers Green 1 G02,WA Timbers FC 02G Greens,Summer Slam Gold/Silver U15
Washington Timbers Green 2 G02,WA Timbers 02G Green 2,PTT G02 Division 1
Washington Timbers Red 1 G02,WASHINGTON TIMBERS FC G02 REDS (WA),Surf Cup Black U15
Washington Timbers Red 1 G03,WTFC G03 Reds 1,Beaverton Cup GU15 Silver
Washington Timbers Red 2 G02,WA Timbers FC G02 Red 2,Clash At the Border Div 1 Gold/Silver U15
Washington Timbers Red 2 G02,WASHINGTON TIMBERS G02 RED 2 (WA),Oswego Nike Cup Silver U15
Washington Timbers Red 2 G02,WTFC G02 Red 2,Beaverton Cup GU15 Silver
Washington Timbers White 1 G02,WASHINGTON TIMBERS FC 02G WHITE 1 (WA),Bend Premier Cup Thorns Super Group (U14/U15) U15
Washington Timbers White 1 G02,WA Timbers FC G02 White 1,Clash At the Border Div 2 Gold/Silver U15
Washington Timbers White 1 G02,WASHINGTON TIMBERS FC 02G WHITE 1 (WA),Oswego Nike Cup Bronze U15
Washington Timbers White 1 G02,WA Timbers FC 02G White 1,Summer Slam Gold/Silver U15
Wenatchee FC G02,Wenatchee FC G02,KITG GU15 Green
Wenatchee FC G02,WENATCHEE FC G02,NWCL Girls 02
Wenatchee FC G02,Wenatchee FC G02 Vasquez,PSPL Classic East U15
Wenatchee FC G02,Wenatchee FC G02 White,Eastside FC Cup GU15
West Coast FC ECNL G02,WEST COAST FC ECNL (CAS),Surf Cup Super Black U15
West Coast FC ECNL G03,WEST COAST FC 2003 ECNL (CAS),Surf Cup Black U15
West Coast FC Warriors G02,WEST COAST SOCCER WARRIORS 02 (CAN),Surf Cup Black U15
West Narrows FC Blue G02,WNFC G02,Summer Slam Gold/Silver U15
West Narrows FC Blue G02,WNFC Blue G 02,Xtreme Cup GU15 Silver
West Narrows FC Blue G02,West Narrows F.C. G 02,PSPL Classic West U15
Westside Breakers White G02,WESTSIDE BREAKERS 02-WHITE (CAS),Surf Cup Black U15
Westside Timbers Copa G02,Westside Timbers G02 Copa,Clash At the Border Div 1 Gold/Silver U15
Westside Timbers Copa G03,WESTSIDE TIMBERS TS 03 COPA (OR),Oswego Nike Cup Silver U15
Westside Timbers Copa TS G02,WESTSIDE TIMBERSWESTSIDE TIMBERS COPA TS G02,Mt Hood Challenge Girls U15 Premier/Gold
Westside Timbers Copa TS G02,WESTSIDE TIMBERS WT G02 COPA TS (OR),Oswego Nike Cup Gold U15
Westside Timbers Copa TS G02,Westside Timbers 02G Copa TS,PTT G02 Premier
Westside Timbers Copa TS G03,WT 03G Copa TS,Beaverton Cup GU15 Silver
Westside Timbers Samba TS G02,Westside Timbers 02G Samba TS,Clash At the Border Div 1 Gold/Silver U15
Westside Timbers Samba TS G02,Westside Timbers 02G Samba TS,PTT G02 Division 2
Westside Timbers Samba TS G02,02G WT Samba TS,Sounders FC Cup GU15
Westside Timbers Samba TS G02,WT 02G Samba TS,Beaverton Cup GU15 Silver
Whatcom FC Rangers Blue G02,Whatcom FC Rangers - GU02 Blue,RCL G02 Div 3
Whatcom FC Rangers Blue G02,WFC Rangers G02 Blue,Sounders FC Cup GU15
Whatcom FC Rangers Blue G02,WFC RANGERS G02 BLUE (WA),WA Rush Cup G02 Silver U15
Whatcom FC Rangers Blue G02,120 WFC Rangers G02 Blue,Baker Blast U15
Whatcom FC Rangers Dev G02,Whatcom FC Rangers G02 Development,NPSL Fall - Division 3 (02) U15
Whatcom FC Rangers Gold G02,119 WFC Rangers G02 gold,Baker Blast U15
Whatcom FC Rangers Gold G02,RANGERS WFC RANGERS G02 GOLD (WA),Nike Crossfire Challenge Gold Group U15
Whatcom FC Rangers Gold G02,Whatcom FC Ra - GU02 Gold,RCL G02 Div 2
Whatcom FC Rangers Gold G03,76 WFC Rangers G03 Gold,Pacific Coast Challenge U15
Whatcom FC Rangers White G02,WHATCOM FOOTBALLWFC RANGERS G02 WHITE,Mt Hood Challenge Girls U15 Silver/Bronze
Whatcom FC Rangers White G02,75 WFC Rangers White U15,Pacific Coast Challenge U15
Whatcom FC Rangers White G02,Whatcom FC Rangers - GU02 White,RCL G02 Div 4
Whatcom FC Rangers White G02,WFC Rangers G2002 White,Skagit Firecracker U15
WPFC Black G02,WPFC 8 G02,RCL G02 8th G Fall
WPFC Black G02,WPFC G02 Tanzer,Eastside FC Cup GU15
WPFC Black G02,WASHINGTON PREMIER FC G02 BLACK TANZER (WA),Nike Crossfire Challenge Silver Group U15
WPFC Black G02,WPFC G02 Black,Rainier Challenge Copa U15
WPFC Black G02,WPFC G02 Black B,RCL G02 Div 3
WPFC ECNL G03,WASHINGTON PREMIER FC G03 ECNL (WA),Nike Crossfire Challenge Super Group U15
WPFC ECNL G03,WASHINGTON PREMIER FC G03 ECNL (WA),Oswego Nike Cup Gold U15
