"name","alt.name","venue"
"","AJAX EAST BAY 04B FORCE","FWRL CAN CRL U14"
"","Alaska Rush 04B (AK) (SC)","Far West Regionals U13"
"","ALMADEN FC MERCURY 04B GREEN","FWRL CAN Premier/At Large U14"
"","ALMADEN FC MERCURY 04B GREEN","FWRL CAN At Large U14"
"","AYSC Arsenal 04B (AK)","Region IV Pres Cup U13"
"","Barcelona AZ (AZ)","Region IV Pres Cup U13"
"","Barcelona NV 04 Academy (NV)","Region IV Pres Cup U13"
"","Boca Orange County - B2004","FWRL CAS B04"
"","BROOMFIELD BLAST SC 04 BOYS PRESTIGE","FWRL Desert 2004 U14"
"","CALIFORNIA ODYSSEY SC COSC 04BR2 (CAMPOS)","FWRL CAN Premier/At Large U14"
"","CALIFORNIA ODYSSEY SC COSC 04BR2 (CAMPOS)","FWRL CAN At Large U14"
"","CNS 04B II","FWRL CAN Premier/At Large U14"
"","CNS 04B II","FWRL CAN At Large U14"
"","CO Storm FC 04B Select Seville (CO)","Region IV Pres Cup U13"
"","COLORADO RUSH NERO 04","FWRL Desert 2004 U14"
"","COLORADO UNITED 04B WHITE","FWRL Desert 2004 U14"
"","Colorado United 04B White (CO) (SC)","Far West Regionals U13"
"","CV San Jose Earthquakes 04B Gold (CA-N)","Region IV Pres Cup U13"
"","DIABLO FC 04B NPL","FWRL CAN CRL U14"
"","ECFC UNITED 04B","FWRL CAN CRL U14"
"","El Camino FC United 04 (CA-N) (SC)","Far West Regionals U13"
"","FBSL TUZOS ACADEMY 04","FWRL Desert 2004 U14"
"","FC Golden State - 2004","FWRL CAS B04"
"","FLATHEAD RAPIDS BLACK 2004B-SE","Pend Orielle Cup Boys U14"
"","GUADALAJARA SCORPIONS '04","FWRL Desert 2004 U14"
"","Guadalajara Scorpions (NM) (SWC)","Far West Regionals U13"
"","HILLSBORO 04B M??NCHEN","PCU Summer Classic Black"
"","La Roca AV (UT) (SC)","Far West Regionals U13"
"","LA ROCA AV PREMIER","FWRL Desert 2004 U14"
"","LAGSB 2004 Elite","FWRL CAS B04"
"","New Mexico Rush 04 (NM) (SC)","Far West Regionals U13"
"","NM RUSH 04","FWRL Desert 2004 U14"
"","Oceanside Breakers - B04 Blk","FWRL CAS B04"
"","PAC ̢?? SAN JOSE 2004 BOCA JRS","FWRL CAN At Large U14"
"","PAC ̢?? SAN JOSE 2004 BOCA JRS","FWRL CAN Premier/At Large U14"
"","Provo Athletic Club (UT)","Region IV Pres Cup U13"
"","RED STAR F.C. CENTRAL VALLEY LIBERTY F.C. 04","FWRL CAN CRL U14"
"","SAN MATEO SC 04 NECAXA","FWRL CAN CRL U14"
"","SC DEL SOL 04 BOYS","FWRL Desert 2004 U14"
"","SCOTTSDALE SOCCER 04B BLACKHAWKS JONES","FWRL Desert 2004 U14"
"","Scottsdale Soccer Blackhawks Zelin (AZ) (SC)","Far West Regionals U13"
"","SPARTA UNITED SPARTA 04 PREMIER JK","FWRL Desert 2004 U14"
"","Striker FC - MV (CA-S) (SC)","Far West Regionals U13"
"","Strikers FC - Mission Viejo B2004 Watts","FWRL CAS B04"
"","TFA - SD Blue (B04)","FWRL CAS B04"
"","TFA SFV 04 (CA-S)","Region IV Pres Cup U13"
"","TFA-SFV","FWRL CAS B04"
"","Tuzos Academy 04 (AZ) (FWD)","Far West Regionals U13"
"","USA STARS ACADEMY USA STARS 04B","FWRL CAN Premier/At Large U14"
"","USA STARS ACADEMY USA STARS 04B","FWRL CAN At Large U14"
"3 Rivers Black B04","3 RIVERS SOCCER 3RSC B04 RCL BLACK (WA)","Bigfoot Gold U14"
"3 Rivers Black B04","3RSC B04 RCL Black","RCL B04 Div 1"
"3 Rivers Black B04","THREE RIVERS SC 3RSC B04 BLACK (WA)","Nike Crossfire Challenge Super Group U14"
"3 Rivers Green B04","3RSC B04 RCL Green","RCL B04 Div 4"
"3 Rivers Green B04","3RSC B04 RCL Green","Mt Hood Challenge U14 Silver"
"3 Rivers White B04","Three Rivers Soccer Club 3RSC B04 PSPL White","PSPL Classic 1 - East U14"
"3 Rivers White B04","3RSC WHITE","Les Schwab NW Cup U14 Boys Challenge (Silver)"
"4-H FC Joga B04","4-H 04B FC Joga","PTT B04 Premier Green"
"4-H McMinnville United B04","4-H 04B McMinnville United","PTT B04 Premier White"
"4-H PSG B04","4-H 04B PSG","PTT B04 Premier Green"
"4-H PSG B04","4H PSG 04 BOYS","Clash At the Border Super"
"Academia de Futebol ADF B04","ADF 04B","PTT B04 Premier Green"
"Academia de Futebol ADF B04","ADF 04 Boys","Mt Hood Challenge U14 Premier"
"Academia Leon B04","Academia Leon FC 04B","OYS Founders Cup B04"
"Academia Leon B04","ACADEMIA LEON FC 2004 (OR)","Oswego Nike Cup Bronze U14"
"ASE Emerald B04","ASE B04 Emerald","PSPL Copa 1 - East U14"
"AYSO Cowboys B04","AYSO Boys Cowboys","Mt Hood Challenge U14 Bronze"
"BC Tigers Elite B04","BC TIGERS BCT TIGERS 04 (CND:BC)","SX Cup Boys U14 Metro - Tier 2 U14"
"BDMS Wave B04","BDMS WAVE (CND)","SX Cup Boys U14 Metro - Tier 2 U14"
"Bellevue United Select B04","BUFC B04 Harkenrider","NPSL DIVISION 3 (04) U14"
"Bend FC Timbers Red B04","BEND FC TIMBERS 04 BOYS (USA)","Bend Premier Cup Alvas Powell (U14 Boys) Division U14"
"Bend FC Timbers Red B04","Bend FC Timbers 04B Red","PTT B04 Premier White"
"Bend FC Timbers Red B04","BFCT 2004 Red","Beaverton Cup U14 Silver"
"Bend FC Timbers White B04","Bend FC Timbers 04B White","PTT B04 Division 2 White"
"Bend FC Timbers White B04","Bend FC Timbers 04B White","OYS PTT Presidents Cup B04"
"Bend FC Timbers White B04","Bend FC Timbers B04 White","Mt Hood Challenge U14 Silver"
"BIFC Blue B04","Bainbridge Island FC B04 Blue","NPSL DIVISION 1 (04) U14"
"BIFC Blue B04","Bainbridge Island FC Blue B04","Xtreme Cup BU14 Gold"
"BIFC Blue B04","Bainbridge Island FC B04 Blue","Crossfire Select U14 Gold"
"BIFC White B04","Bainbridge Island FC B04 White","NPSL DIVISION 3 (04) U14"
"BIFC White B04","Bainbridge Island FC White B04","Crossfire Select U14 Silver"
"Blackhills FC Black B04","39 Blackhills B04 Black","Baker Blast U14"
"Blackhills FC Black B04","BLACKHILLS FC B 04 BLACK A (WA)","Nike Crossfire Challenge Gold Group U14"
"Blackhills FC Black B04","BLACKHILLS FC B 04 BLACK A (WA)","REDAPT Cup Gold U14"
"Blackhills FC Black B04","Blackhills FC B04 Black A","RCL B04 Div 1"
"Blackhills FC Red B04","11 Blackhills B04 Red","Rimland Challenge COPA U14"
"Blackhills FC Red B04","Blackhills B04 Red","River Jam Copa U14"
"Blackhills FC Red B04","Blackhills FC B04 Red B","RCL B04 Div 4"
"Boise Nationals Timbers Blue B04","BOISE NATIONALS TIMBERS BNT 2004 BOYS BLUE","Idaho D3 Division 1 U14"
"Boise Nationals Timbers Blue B04","BOISE NATIONALS TIMBERS U13 2004 BLUE","NW Champions Cup BOYS 04"
"Boise Nationals Timbers Red B04","BNT 2004 BOYS RED","FC Nova Fall Showcase U14 Boys"
"Boise Nationals Timbers Red B04","BOISE NATIONALS TIMBERS BNT 2004 BOYS RED","Idaho D3 Division 2 U14"
"Boise Nationals Timbers Red B04","BOISE NATIONALS TIMBERS BNT 2004 BOYS RED (ID)","GEM State Challenge U14 Boys U14"
"Boise Nationals Timbers Red B04","BOISE NATIONALS TIMBERS U13 2004 RED (ID)","Bend Premier Cup Alvas Powell (U14 Boys) Division U14"
"Bozeman Blitzz Gold B04","Blitzz FC Gold (MT)","Region IV Pres Cup U13"
"Breakers Red B04","IEYSA B04 Breakers FC Bartich","PSPL Classic 1 - East U14"
"Breakers Red B04","IEYSA B04 BREAKERS FC BARTICH","Les Schwab NW Cup U14 Boys Premier (Gold)"
"Breakers Red B04","IEYSA B04 BREAKERS FC BARTICH (WA)","River City Cup U14 Boys (2004) U14"
"Breakers Red B04","B04 Breakers FC","Sounders FC Cup BU14 Silver"
"BSC Portland Black B04","BSC 04B Black","PTT B04 Division 1 White"
"BSC Portland Black B04","BSC OREGON 04 BOYS BLACK (OR)","Bend Premier Cup Zarek Valentin (U14 Boys) Division U14"
"BSC Portland Gold B04","BSC 04B Gold","PTT B04 Division 2 White"
"BSC Portland Gold B04","BSC OREGON BSC 04 GOLD (OR)","Oswego Nike Cup Silver U14"
"BVSC B03","BVSC 03 BOYS","Yellowstone Cup Boys U14 Silver"
"BYSL Blackhawks B03","BYSL FUSION BLACKHAWKS '03 BOYS","Yellowstone Cup Boys U14 Gold"
"BYSL Fusion B03","BYSL FUSION '03 BOYS","Yellowstone Cup Boys U14 Silver"
"Canyon Optimist Inferno B04","INFERNO","Idaho D3 Division 1 U14"
"Canyon Optimist Inferno B04","INFERNO (ID)","GEM State Challenge U14 Boys U14"
"Capital FC Timbers Red B04","Capital FC Timbers 04B Adelman","PTT B04 Division 1 Green"
"Capital FC Timbers Red B04","Capital FC Timbers 04B Adelman","OYS PTT Presidents Cup B04"
"Capital FC Timbers Red B04","CFC 04B Red Adelman","Mt Hood Challenge U14 Gold"
"Capital FC Timbers USSDA B04","CAPITAL FUTBOL US SOCCER DEVELOPMENT ACADEMY (OR)","Nike Crossfire Challenge DA U14"
"Cascade FC Green B04","Cascade FC B04 Green","PSPL Classic 3 - West U14"
"Cascade FC Green B04","Cascade FC B04 Green","Crossfire Select U14 Silver"
"CCB Royal Pumas B04","35 CCB Royal Pumas","Baker Blast U14"
"Central WA SA Navy B04","CW SOUNDERS NAVY 04","Les Schwab NW Cup U14 Boys Premier (Gold)"
"Central WA SA Navy B04","CWSA CW Sounders B04 Navy","PSPL WSPL U14"
"Central WA SA White B04","CW Sounders B04 White","Tyee Cup Gold U14"
"Central WA SA White B04","CWSA B04 White Jasso","PSPL Classic 1 - East U14"
"Coastal FC B04","COASTAL FC 04 (CND)","SX Cup Boys U14 Premier - Tier 1 U14"
"Coastal FC Gold B04","COASTAL F.C. COASTAL U14 GOLD (CND)","SX Cup Boys U14 Gold/U15 Silver - Tier 3/Tier 4 U14"
"Cook Inlet Velocity Blue B04","COOK INLET S.C. 04B (AK)","Nike Crossfire Challenge Super Group U14"
"Coquitlam Metro Ford -Unk B04","COQUITLAM METRO FORD SC CMF 2004 (CND:BC)","SX Cup Boys U14 Premier - Tier 1 U14"
"Coquitlam Metro Ford Cobras B04","COQUITLAM METRO FORD CMF COBRAS (CND:BC)","SX Cup Boys U14 Gold/U15 Silver - Tier 3/Tier 4 U14"
"Crossfire Oregon Green I B04","Crossfire Oregon 04B Green","PTT B04 Premier White"
"Crossfire Oregon Green I B04","CROSSFIRE OREGON GREEN I","Clash At the Border Gold"
"Crossfire Oregon Green I B04","Crossfire Oregon 04B Green 1","Mt Hood Challenge U14 Gold"
"Crossfire Oregon USSDA B04","CROSSFIRE OREGON 2004 DA (OR)","Nike Crossfire Challenge DA U14"
"Crossfire Premier A B04","Crossfire Premier B04 A","RCL B04 Div 1"
"Crossfire Premier A B04","Crossfire Premier B04 A Strom","Rainier Challenge Copa U14"
"Crossfire Premier A B04","CROSSFIRE PREMIER B04 A STROM (WA)","Nike Crossfire Challenge Super Group U14"
"Crossfire Premier A B04","CROSSFIRE PREMIER B04 A STROM (WA)","REDAPT Cup Gold U14"
"Crossfire Premier A B04","CROSSFIRE PREMIER B04 A STROM","NW Champions Cup BOYS 04"
"Crossfire Premier B B04","Crossfire Premier B04 B","RCL B04 Div 2"
"Crossfire Premier B B04","CROSSFIRE PREMIER B04 B","Snohomish United Invit Group A"
"Crossfire Premier B B04","CROSSFIRE PREMIER B04 B (WA)","Nike Crossfire Challenge Silver Group U14"
"Crossfire Premier B B04","CROSSFIRE PREMIER B04 B (WA)","REDAPT Cup Gold U14"
"Crossfire Premier B B04","CROSSFIRE PREMIER B04 B (WA)","Bigfoot Gold U14"
"Crossfire Premier B B04","Crossfire Premier B04B","Rainier Challenge Samba U14"
"Crossfire Premier B B05","CROSSFIRE B05A KREITER","Snohomish United Invit Group A"
"Crossfire Premier C B04","Crossfire Premier B04 C","RCL B04 Div 3"
"Crossfire Premier C B04","CROSSFIRE PREMIER B04 C (WA)","Nike Crossfire Challenge Silver Group U14"
"Crossfire Premier C B04","CROSSFIRE PREMIER B04 C (WA)","REDAPT Cup Silver U14"
"Crossfire Premier C B04","CROSSFIRE PREMIER B04 C (WA)","Bigfoot Silver U14"
"Crossfire Premier USSDA B04","CROSSFIRE PREMIER 04 ACADEMY (WA)","Nike Crossfire Challenge DA U14"
"Crossfire Select Barnes B04","Crossfire Select B04 Barnes","Eastside FC Cup BU14 Gold"
"Crossfire Select Barnes B04","Crossfire Select B04 Barnes","NPSL DIVISION 1 (04) U14"
"Crossfire Select Barnes B04","Crossfire Select Pombo B04","Cranberry Cup U14"
"Crossfire Select Barnes B04","Crossfire Select B04 Barnes","Crossfire Select U14 Gold"
"Crossfire Select Barton B04","Crossfire Select B04 Barton","NPSL DIVISION 2 (04) U14"
"Crossfire Select Barton B04","08 CFS B04-Silver-Barton","Rimland Challenge COPA U14"
"Crossfire Select Barton B04","CFS B04-Silver-Barton","Xtreme Cup BU14 Bronze"
"Crossfire Select Barton B04","Crossfire Select B04 Barton","Crossfire Select U14 Silver"
"Crossfire Select Pombo B04","Crossfire Select B04 Pombo","Seattle Cup BU14 Gold"
"Crossfire Select Pombo B04","Crossfire Select B04 Pombo","Xtreme Cup BU14 Gold"
"Crossfire Select Pombo B04","Crossfire Select B04 Pombo","NPSL DIVISION 1 (04) U14"
"Crossfire Select Pombo B04","Crossfire Select B04 Pombo","Crossfire Select U14 Gold"
"Crossfire Yakima A B04","Crossfire 04 Yakima (WA) (SC)","Far West Regionals U13"
"Crossfire Yakima A B04","Crossfire Yakima - B04 A","RCL B04 Div 1"
"Crossfire Yakima B B04","Crossfire Yakima - B04 B","RCL B04 Div 3"
"Crossfire Yakima B B04","Crossfire Yakima B04B","Eastside FC Cup BU14 Silver"
"CSC Storm Navy B04","Corvallis SC 04B","PTT B04 Division 1 White"
"CSC Storm Navy B04","Corvallis SC 04B","OYS PTT Presidents Cup B04"
"CSC Storm Navy B04","CSC 04B","Beaverton Cup U14 Silver"
"CUSC Red B04","CLACKAMAS UNITED","Summer Slam Silver"
"CUSC Red B04","CUSC 04B Red Ramos","PTT B04 Division 1 White"
"CUSC Red B04","CUSC 04B Red Ramos","OYS PTT Presidents Cup B04"
"CUSC Red B04","CLACKAMAS UNITED","Clash At the Border Silver/Bronze"
"CUSC Red B04","CUSC 04B Ramos","Mt Hood Challenge U14 Silver"
"David Douglas Ninjas B04","DAVID DOUGLAS NINJAS","Summer Slam Bronze"
"Davis Legacy Red B04","Legacy 04 Boys Red","Mt Hood Challenge U14 Premier"
"Davis Legacy White B04","DAVIS LEGACY 04 WHITE (CAN)","Oswego Nike Cup Gold U14"
"DCS United B04","DCS UNITED (CND:BC)","SX Cup Boys U14 Metro - Tier 2 U14"
"Dragons FC B04","Dragons FC B04","Starfire Spring Classic BU14"
"Dragons FC B04","Dragons FC B04","Xtreme Cup BU14 Silver"
"Dragons FC B04","Dragons FC B04","PSPL Classic 1 - West U14"
"Dragons FC B04","DRAGONS FC B04 (WA)","REDAPT Cup Silver U14"
"Eagleclaw FA Blue Hawks B04","EAGLECLAW FC M04/05 BLUE HAWKS (WA)","Bigfoot Silver B U14"
"Eagleclaw FA Blue Hawks B04","Eagleclaw Football Club M04/05 Blue Hawks","PSPL Copa 1 - West U14"
"Eastside FC Blue B04","Eastside FC B04 Blue C","RCL B04 Div 2"
"Eastside FC Blue B04","EASTSIDE FC B04 BLUE C","Clash At the Border Gold"
"Eastside FC Blue B04","EASTSIDE FC B04 BLUE C (WA)","Nike Crossfire Challenge Silver Group U14"
"Eastside FC Grey B04","Eastside FC B04 Grey","Eastside FC Cup BU14 Silver"
"Eastside FC Grey B04","Eastside FC B04 Grey D","RCL B04 Div 3"
"Eastside FC Grey B04","Eastside FC B04-Grey","RVS Classic BU13-14 Gold"
"Eastside FC Grey B04","Eastside B04 Grey","Crossfire Select U14 Silver"
"Eastside FC White B04","Eastside FC B04 White","Eastside FC Cup BU14 Gold"
"Eastside FC White B04","Eastside FC B04 White B","Skagit Firecracker Div. 2 U14"
"Eastside FC White B04","Eastside FC B04 White B","RCL B04 Div 2"
"Eastside FC White B04","Eastside FC B04 White B","Mt Hood Challenge U14 Gold"
"Eastside Memorial B04","EASTSIDE MEMORIAL FC EMFC UNITED 04 (CND)","SX Cup Boys U14 Premier - Tier 1 U14"
"Eastside Timbers Red B04","EASTSIDE TIMBERS 04 BOYS RED (OR)","Bend Premier Cup Zarek Valentin (U14 Boys) Division U14"
"Eastside Timbers Red B04","EST 04B Red","PTT B04 Division 1 Green"
"Eastside Timbers Red B04","EST 04B Red","OYS PTT Presidents Cup B04"
"Eastside Timbers Red B04","ET 04B Red","Beaverton Cup U14 Silver"
"Eclipse FC Aguilitos del America B04","Aguilas Seattle","Skagit Firecracker Div. 1 U14"
"Eclipse FC Aguilitos del America B04","Aguilas Seattle F.C. Aguilitas del America","PSPL Classic 1 - West U14"
"Eclipse FC Aguilitos del America B04","AGUILAS SEATTLE FC","Summer Slam Silver"
"Eclipse FC Aguilitos del America B04","Agulitas Del America","Labor Day Cup BU14 Gold"
"Emerald City FC Blue B04","Emerald City FC M04 Blue","PSPL Copa 1 - West U14"
"Emerald City FC Green B04","Emerald City FC M04","Eastside FC Cup BU14 Gold"
"Emerald City FC Green B04","Emerald City FC M04 Green","Skagit Firecracker Div. 1 U14"
"Emerald City FC Green B04","Emerald City FC M04 Green","PSPL WSPL U14"
"Emerald City FC Green B04","Emerald City M04 Green","River Jam Copa U14"
"Emerald City FC White B04","ECFC M04 White","RVS Classic BU13-14 Silver"
"Emerald City FC White B04","Emerald City FC M04 White","PSPL Classic 1 - West U14"
"Endeavor SA B04","Endeavour Soccer Academy Boys '04 Mendoza","PSPL Copa 1 - East U14"
"Endeavor SA Red B04","ENDEAVOUR SOCCER ACADEMY BOYS '04","Les Schwab NW Cup U14 Boys Challenge (Silver)"
"Endeavor SA Red B04","Endeavour Soccer Academy Boys '04 Allred","PSPL Classic 1 - East U14"
"EPIC B04","EPIC","Skagit Firecracker Div. 1 U14"
"ETFC Santos Black B04","ETFC 04B Santos Black","PTT B04 Premier White"
"ETFC Santos Black B04","ETFC U13 SANTOS BLACK (OR)","Oswego Nike Cup Gold U14"
"ETFC Santos Black B04","ETFC U13 SANTOS BLACK (OR)","Bend Premier Cup Zarek Valentin (U14 Boys) Division U14"
"ETFC Santos Black B04","ETFC Santos Black","Beaverton Cup U14 Gold"
"ETFC Santos Red B04","ETFC 04B Santos Red","PTT B04 Division 1 White"
"ETFC Santos Red B04","ETFC 04B Santos Red","OYS PTT Presidents Cup B04"
"FC Academicos B04","FC Academicos B04","Mt Hood Challenge U14 Silver"
"FC Bellevue B04","F.C. Bellevue B04","PSPL Classic 2 - West U14"
"FC Bellevue B04","FC BELLEVUE B04 (WA)","Bigfoot Silver B U14"
"FC Edmonds Force B04","FC Edmonds Force","PSPL WNPL U14"
"FC Edmonds Force B04","FC EDMONDS FORCE B04","WA Rush Cup BU14 Silver"
"FC Edmonds Force B04","FC EDMONDS FORCE B04 (WA)","Bend Premier Cup Zarek Valentin (U14 Boys) Division U14"
"FC Edmonds Force B04","FC Edmonds Force","Crossfire Select U14 Gold"
"FC El Tri Jaguars B04","FC El Tri Jaguars","Mt Hood Challenge U14 Gold"
"FC Elk Grove Platinum 1 B04","FC ELK GROVE 04B PLATINUM 1","Clash At the Border Super"
"FC Idaho B03","FC IDAHO '03","Yellowstone Cup Boys U14 Gold"
"FC Nova Gold B04","FC NOVA GOLD 04","Idaho D3 Division 1 U14"
"FC Nova Gold B04","FC NOVA GOLD 04","Les Schwab NW Cup U14 Boys Premier (Gold)"
"FC Nova Gold B04","FC Nova Gold 04 (ID)","Region IV Pres Cup U13"
"FC Nova Red B04","FC NOVA RED 04","Idaho D3 Division 2 U14"
"FC Nova Red B04","FC NOVA RED 04","FC Nova Fall Showcase U14 Boys"
"FC Nova Red B04","FC NOVA RED 04 (ID)","GEM State Challenge U14 Boys U14"
"FC Portland Navy B04","FC PORTLAND 04B","PCU Summer Classic Black"
"FC Portland Navy B04","FC PORTLAND 04B (OR)","Oswego Nike Cup Silver U14"
"FC Portland Navy B04","FC Portland 04B NAVY","PTT B04 Division 1 Green"
"FC Portland Navy B04","FC Portland 04B NAVY","OYS PTT Presidents Cup B04"
"FC Portland Navy B04","FCP 04B","Beaverton Cup U14 Silver"
"FC Portland White B04","FC Portland 04B WHITE","PTT B04 Division 2 Green"
"FC Portland White B04","FC Portland 04B WHITE","OYS PTT Presidents Cup B04"
"FC Salmon Creek Gunners B04","SALMON CREEK GUNNERS","Summer Slam Bronze"
"FC Salmon Creek Juventus Blue B04","FCSC B04 JUVENTUS","PCU Summer Classic Black"
"FC Salmon Creek White B04","FCSC 04B White","PTT B04 Premier Green"
"FC Salmon Creek White B04","FCSC B04","Mt Hood Challenge U14 Premier"
"FC Spokane Cooper B04","FC SPOKANE COOPER (WA)","River City Cup U14 Boys (2004) U14"
"Fenix FC B04","Fenix FC Bu04","PSPL Classic 3 - West U14"
"Fenix FC B04","FENIX FC BU04","Clash At the Border Silver/Bronze"
"Fenix FC B04","FENIX FC BU04","Labor Day Cup BU14 Silver"
"FME Xtreme B04","FME Xtreme 04","Sounders FC Cup BU14 Silver"
"FME Xtreme B04","FME Xtreme 04","River Jam Copa U14"
"FME Xtreme B04","FME Xtreme B04","NPSL DIVISION 3 (04) U14"
"Foothills Prospects B04","FOOTHILLS 04 PROSPECTS (CND)","SX Cup Boys U14 Metro - Tier 2 U14"
"Foothills SC Celtic Green B04","FSC 04B Celtics Green","PTT B04 Division 2 White"
"Foothills SC Celtic Green B04","FSC 04B Celtics Green","OYS Founders Cup B04"
"Foothills SC Celtic Green B04","FOOTHILLS CELTIC 04B","Clash At the Border Silver/Bronze"
"Foothills SC Celtic White B04","FSC 04B Celtics White","PTT B04 Premier White"
"FPSC Fury Black B04","FPSC Fury B04 Black","PSPL WNPL U14"
"FPSC Fury Black B04","FPSC FURY B04 BLACK","WA Rush Cup BU14 Gold"
"FPSC Fury Black B04","FPSC FURY B04 BLACK (WA)","Nike Crossfire Challenge Gold Group U14"
"FPSC Fury Black B04","FPSC FURY B04 BLACK","NW Champions Cup BOYS 04"
"FPSC Fury Black B04","FPSC Fury B04 Black","US Club Regionals B04"
"FPSC Thundercats B04","FPSC Thundercats B04-05","Xtreme Cup BU14 Bronze"
"Fraser Valley Premier B04","13 Fraser Valley Premier 2004 Boys","Rimland Challenge Premier U14"
"Fraser Valley Premier B04","FRASER VALLEY PREMIER (CND:BC)","SX Cup Boys U14 Premier - Tier 1 U14"
"Fraser Valley Premier B04","41 Fraser Valley Premier","Baker Blast U14"
"Fraser Valley Premier B05","Fraser Valley Premier U13","Seattle Cup BU14 Gold"
"Fraser Valley Selects B04","FV Selects U14 Boys","Starfire Spring Classic BU14"
"Fusion FC B04","FUSION FC 2004 BOYS (CND)","SX Cup Boys U14 Premier - Tier 1 U14"
"FWFC Alliance B04","B04 FW Select Alliance","RVS Classic BU13-14 Silver"
"FWFC Alliance B04","FWFC B04 Select Alliance","Sounders FC Cup BU14 Bronze"
"FWFC Black B04","FWFC B04 Black","RVS Classic BU13-14 Silver"
"FWFC Black B04","FWFC B04 Black","Sounders FC Cup BU14 Bronze"
"FWFC Black B04","FWFC B04 Black (C)","RCL B04 Div 4"
"FWFC Blue B04","FEDERAL WAY FOOTBALL FWFC B04 BLUE (WA)","Nike Crossfire Challenge Gold Group U14"
"FWFC Blue B04","FEDERAL WAY FOOTBALL FWFC B04 BLUE (WA)","Oswego Nike Cup Gold U14"
"FWFC Blue B04","FRAM B04-Bruce","FWRL CAS B04"
"FWFC Blue B04","FWFC B04 Blue (A)","RCL B04 Div 2"
"FWFC Blue B04","FWFC Blue 04 Blue","Rainier Challenge Copa U14"
"FWFC Blue B04","FEDERAL WAY FOOTBALL FWFC B04 BLUE","WA Rush Cup BU14 Gold"
"FWFC Select B04","FWFC B04 Select","NPSL DIVISION 3 (04) U14"
"FWFC White B04","FEDERAL WAY FC FWFC B04 WHITE (WA)","Oswego Nike Cup Bronze U14"
"FWFC White B04","FWFC B04 White","RVS Classic BU13-14 Silver"
"FWFC White B04","FWFC B04 White","Sounders FC Cup BU14 Silver"
"FWFC White B04","FWFC B04 White (B)","RCL B04 Div 4"
"Gala FC B04","Gala FC Boys U14A","Seattle Cup BU14 Silver"
"Gala FC B04","Gala FC Boys U14A","PSPL Classic 3 - West U14"
"Gala FC B04","Gala FC B04 A","Crossfire Select U14 Silver"
"GPS Newberg B04","IFC 04B GPS Newberg","PTT B04 Division 2 Green"
"GPS Oregon B04","IFC 04B GPS","PTT B04 Premier Green"
"GPS Oregon B04","GPS OREGON 04B","Les Schwab NW Cup U14 Boys Premier (Gold)"
"GPS Oregon B04","GPS 04B","Beaverton Cup U14 Gold"
"GS Surf A B04","GREATER SEATTLE SURF B04 A (WA)","Nike Crossfire Challenge Super Group U14"
"GS Surf A B04","GS Surf B04 A","RCL B04 Div 1"
"GS Surf A B04","GS Surf B04A","Rainier Challenge Copa U14"
"GS Surf A B05","GS Surf B05A","RVS Classic BU13-14 Gold"
"GS Surf B B04","GREATER SEATTLE SURF B04 B (WA)","Bigfoot Silver U14"
"GS Surf B B04","Greater Seattle Surf B04B","RVS Classic BU13-14 Gold"
"GS Surf B B04","GS Surf B04 B","RCL B04 Div 3"
"GS Surf B B04","Greater Seattle Surf B04 B","Crossfire Select U14 Gold"
"Harbor Jaguars B04","Harbor B04 Jaguars","SSUL B04 Division 3"
"Harbor Premier Green B04","Harbor Premier B04 Green","RVS Classic BU13-14 Gold"
"Harbor Premier Green B04","Harbor Premier B04 Green","Seattle Cup BU14 Gold"
"Harbor Premier Green B04","HARBOR PREMIER B04 GREEN (WA)","Oswego Nike Cup Gold U14"
"Harbor Premier Green B04","Harbor Premier B04 Green A","RCL B04 Div 2"
"Hawaii Rush B04","Hawaii Rush 04B","Starfire Spring Classic BU14"
"Hawaii Rush B04","Rush 04B (HI) (SC)","Far West Regionals U13"
"Hawaii Rush Nero B04","Rush 04B Nero (HI)","Region IV Pres Cup U13"
"Hawks SC B04","HAWKS SC B04 RED","Les Schwab NW Cup U14 Boys Challenge (Silver)"
"Hawks SC B04","Hawks Soccer Club Boys 04","PSPL Copa 1 - East U14"
"Heat FC ET B04","Heat FC 04 ET (NV) (SC)","Far West Regionals U13"
"Highlands SC Gators B04","HSC Gators 04 (Quijano)","SSUL B04 Division 3"
"Highlands SC Gunners B04","HSC Gunners 04 (Peterson)","SSUL B04 Division 3"
"Highline SA B04","HSA Select B04","Seattle Cup BU14 Silver"
"Highline SA B04","HSA Select B04","River Jam Copa U14"
"Highline SA B04","HSA Select B04 - Unruh","NPSL DIVISION 1 (04) U14"
"Highline SA Rebano B04","HSA Rebano '04 (Lopez)","NPSL DIVISION 3 (04) U14"
"Highline SA Rebano B04","HSA Rebano B04","Cranberry Cup U14"
"Highline SA Rebano B04","Rebano","Starfire Spring Classic BU14"
"Highline SA Rebano B04","Rebano","Labor Day Cup BU14 Silver"
"Highline Select B04","HSA Select B04","Crossfire Select U14 Gold"
"Hood River Dynamos B04","Hood River Dynamos 04B","PTT B04 Division 1 Green"
"HSC Arsenal B04","HILLSBORO ARSENAL","Summer Slam Gold"
"HSC Arsenal B04","HSC ARSENAL","Sounders FC Cup BU14 Gold"
"HSC Cosmos B04","HSC Cosmos","Sounders FC Cup BU14 Bronze"
"HSC Cosmos B04","HILLSBORO COSMOS","Summer Slam Silver"
"HSC Cosmos B04","HSC 04B Cosmos","PTT B04 Division 2 Green"
"HSC Cosmos B04","HSC 04B Cosmos","OYS Founders Cup B04"
"HSC Munchen B04","HILLSBORO 04B MÜNCHEN","PCU Summer Classic Black"
"HSC Munchen B04","HSC 04B Munchen","PTT B04 Premier White"
"Idaho Arsenal United B03","ARSENAL UNITED SWAT","Yellowstone Cup Boys U14 Silver"
"Idaho Arsenal United B03","ARSENAL UNITED SWAT","Idaho D3 Division 2 U14"
"Idaho Rush Destroyers B04","IDAHO RUSH DESTROYERS","FC Nova Fall Showcase U14 Boys"
"Idaho Rush Nero B03","IDAHO RUSH 03 NERO","Idaho D3 Division 1 U14"
"Idaho Rush Nero B04","IDAHO RUSH 04 NERO","Idaho D3 Division 1 U14"
"Idaho Rush Nero B04","IDAHO RUSH 04 NERO (ID)","GEM State Challenge U14 Boys U14"
"Idaho Rush Premier B04","IDAHO RUSH 04 PREMIER","Idaho D3 Division 1 U14"
"Idaho Rush Premier B04","Idaho Rush Premier (ID) (SC)","Far West Regionals U13"
"Idaho Rush Premier B05","IDAHO RUSH 05 PREMIER","Idaho D3 Division 1 U14"
"IEYSA Storm B04","IEYSA B04 Storm FC Benson","PSPL Copa 1 - East U14"
"IFC Red B04","IFC B04 Red/Kieburtz","NPSL DIVISION 3 (04) U14"
"IFC Red B04","IFC B04 Select Kieburtz","Xtreme Cup BU14 Bronze"
"Impact FC Black B04","CASCADE SC CSC IMPACT04 BLACK","Les Schwab NW Cup U14 Boys Premier (Gold)"
"Impact FC Black B04","Csc impact04 black","PSPL Classic 1 - West U14"
"Impact FC Black B04","Impact 04 black","Seattle Cup BU14 Gold"
"Impact FC Black B04","CSC IMPACT B04 Black","Crossfire Select U14 Silver"
"Impact FC White B04","CSC Impact FC 04 White","PSPL Copa 1 - West U14"
"Impact FC White B04","CSC Impact FC B04 White","Crossfire Select U14 Silver"
"Irish Black Hawks B04","Black Hawks (Irish)","RVS Classic BU13-14 Silver"
"Irish Black Hawks B04","Black Hawks (Irish)","Seattle Cup BU14 Gold"
"Irish Black Hawks B04","Irish B04 Black Hawks","NPSL DIVISION 1 (04) U14"
"Irish Black Hawks B04","IRISH BLACK HAWKS (WA)","Bigfoot Gold U14"
"Irish Lions B04","Irish BU04 Irish Rave","NPSL DIVISION 3 (04) U14"
"ISC Gunners A B04","ISC Gunners B04A Blue","US Club Regionals B04"
"ISC Gunners A Blue B04","ISC Gunners B04A Blue","Labor Day Cup BU14 Gold"
"ISC Gunners A Blue B04","ISC Gunners B04A Blue","PSPL WNPL U14"
"ISC Gunners A Blue B04","ISC GUNNERS FC GUNNERS B04 A BLUE (WA)","Nike Crossfire Challenge Super Group U14"
"ISC Gunners A Blue B04","ISC GUNNERS FC GUNNERS B04 A BLUE","NW Champions Cup BOYS 04"
"ISC Gunners A White B04","ISC Gunners B04A White","PSPL Classic 1 - West U14"
"ISC Gunners A White B04","ISC GUNNERS FC ISC GUNNERS B04A WHITE","NW Champions Cup BOYS 04"
"ISC Gunners A White B04","ISC GUNNERS FC ISC GUNNERS B04A WHITE (WA)","Nike Crossfire Challenge Gold Group U14"
"ISC Gunners A White B04","ISC Gunners B04A White","US Club Regionals B04"
"ISC Gunners B B04","ISC Gunners B04B","Sounders FC Cup BU14 Silver"
"ISC Gunners B B04","ISC Gunners B04B","PSPL Classic 2 - West U14"
"ISC Gunners B B04","ISC Gunners B04B","Starfire Spring Classic BU14"
"ISC Gunners B B04","ISC GUNNERS FC ISC GUNNERS B04B","Gunners Invitational Boys 2004 Gold"
"ISC Gunners C B04","ISC Gunners B04C","Starfire Spring Classic BU14"
"ISC Gunners C B04","ISC Gunners B04C","Sounders FC Cup BU14 Bronze"
"ISC Gunners C B04","ISC Gunners B04C","PSPL Classic 3 - West U14"
"ISC Gunners C B04","ISC GUNNERS FC ISC GUNNERS B04C","Gunners Invitational Boys 2004 Gold"
"ISC Gunners C B04","ISC GUNNERS FC ISC GUNNERS B04 C","WA Rush Cup BU14 Silver"
"Jackson Hole United White B04","JACKSON HOLE YS JHUNITEDB2004WHITE (WY)","GEM State Challenge U14 Boys U14"
"Jackson Hole United White B04","JH UNITED B2004WHITE","FC Nova Fall Showcase U14 Boys"
"JSC Impact B04","JSC Impact 04 Boys","Mt Hood Challenge U14 Bronze"
"Kelso Rebels B04","Kelso Rebels","Mt Hood Challenge U14 Bronze"
"Kent City Red B04","Kent City FC B04 Red","Sounders FC Cup BU14 Gold"
"Kent City Red B04","Kent City FC B04 Red","PSPL WNPL U14"
"Kent City White B04","Kent City FC B04 White","PSPL Classic 2 - West U14"
"Kent United Green B04","Kent United B04 Green","Seattle Cup BU14 Silver"
"Kent United Green B04","Kent United B04 Green","Sounders FC Cup BU14 Silver"
"Kent United Green B04","Kent United B04 Green","Labor Day Cup BU14 Silver"
"Kent United Green B04","Kent United KU B04 Green","NPSL DIVISION 2 (04) U14"
"Kitsap Alliance FC Red B04","Kitsap Alliance B04A","Eastside FC Cup BU14 Silver"
"Lake Hills Tigers B04","LAKE HILLS SELECT B04 (WA)","Bigfoot Silver B U14"
"Lake Hills Tigers B04","Lake Hills Tigers B04","NPSL DIVISION 3 (04) U14"
"Lake Hills Tigers B04","B04 LHSC Select","Crossfire Select U14 Silver"
"Lakewood FC United B04","Lakewood United Blue","Xtreme Cup BU14 Bronze"
"LASC Cuervos B05","Cuervos 05B","Beaverton Cup U14 Gold"
"Legends FC B04","Legends FC B04 (CA-S) (FWCS)","Far West Regionals U13"
"Legends FC B04","Legends FC Boys B04 Gold","FWRL CAS B04"
"Liga Tlaxtli FC Guerreros B B04","38 Tlaxtli B04","Baker Blast U14"
"Liga Tlaxtli FC Guerreros B04","40 LTFC Guerreros","Baker Blast U14"
"Liga Tlaxtli FC Guerreros B04","16 LTFC Guerreros","Rimland Challenge Premier U14"
"LOSC Green I B04","LAKE OSWEGO LOSC 04B GREEN (OR)","Oswego Nike Cup Bronze U14"
"LOSC Green I B04","LOSC 04B Green","PTT B04 Division 2 Green"
"LOSC Green I B04","LOSC 04B Green","OYS Founders Cup B04"
"LSDSC Strikers B04","LSDSC Strikers","SSUL B04 Division 3"
"LSDSC United Blue B04","LSDSC United Blue 04","NPSL DIVISION 2 (04) U14"
"LWPFC White Sharks B04","LAKE WASHINGTON PREMIER FC LWPFC WHITE SHARKS","Gunners Invitational Boys 2004 Gold"
"LWPFC White Sharks B04","LAKE WASHINGTON PREMIER FC LWPFC WHITE SHARKS (WA)","Bend Premier Cup Zarek Valentin (U14 Boys) Division U14"
"LWPFC White Sharks B04","LWPFC B04 Sharks","Starfire Spring Classic BU14"
"LWPFC White Sharks B04","LWPFC B04 Sharks","Rainier Challenge Samba U14"
"LWPFC White Sharks B04","LWPFC B04 Sharks","Labor Day Cup BU14 Silver"
"LWPFC White Sharks B04","LWPFC White Sharks B04","PSPL Classic 2 - West U14"
"LYS Red Knights B04","LYS 04B Red","PTT B04 Division 2 White"
"Marpole Gunners B04","MARPOLE GUNNERS (CND)","SX Cup Boys U14 Gold/U15 Silver - Tier 3/Tier 4 U14"
"Maui United Soccer Club B04","MAUI UNITED MUSC 04B (HI)","Nike Crossfire Challenge Gold Group U14"
"Missoula Strikers Red B04","Missoula Strikers Red 04 PR (MT)","Far West Regionals U13"
"Missoula Strikers Red B04","MISSOULA STRIKERS RED 2004B-PR","Pend Orielle Cup Boys U14"
"Monroe Cobras FC B04","Cobras FC","Skagit Firecracker Div. 2 U14"
"Monroe Cobras FC B04","Monroe fc","PSPL Classic 1 - West U14"
"Monroe Cobras FC B04","MONROE COBRAS FC","Clash At the Border Silver/Bronze"
"Mountain Home SC B04","MHSC BOYS '04-'05-'06 U14","Idaho D3 Division 2 U14"
"MpVSA Lykken B04","MpVSA B04 Lykken","SSUL B04 Division 3"
"MpVSA Sounders B04","MpVSA B04 Sounders","SSUL B04 Division 3"
"MSC Gold B04","MSC 2004B GOLD","Idaho D3 Division 2 U14"
"MSC Vikings B03","MSC VIKINGS - KIM","Yellowstone Cup Boys U14 Silver"
"MVP Rapids Navy B04","MVP Rapids 04 Navy","PSPL WSPL U14"
"MVP Rapids Navy B04","MVP RAPIDS 04 NAVY (WA)","Nike Crossfire Challenge Gold Group U14"
"MVP Rapids Navy B04","MVP Rapids 04 Navy","US Club Regionals B04"
"NC Alliance Navy B04","09 North County Alliance FC B04 Navy","Rimland Challenge COPA U14"
"NC Alliance Navy B04","NORTH COUNTY ALLIANCE FC B04 NAVY (WA)","Bigfoot Silver U14"
"NC Alliance Navy B04","North County Alliance Rebels B04","Skagit Firecracker Div. 3 U14"
"NC Alliance Navy B04","North County Alliance Rebels B04 Navy","PSPL Classic 2 - West U14"
"NC Alliance Red B04","37 NC Alliance FC B04 Red","Baker Blast U14"
"NC Alliance Red B04","NORTH COUNTY ALLIANCE FOOTBALL NC ALLIANCE FC B04 RED (WA)","Bigfoot Silver U14"
"NC Alliance Red B04","North County Alliance Rebels B04 Red","PSPL Classic 1 - West U14"
"NEU Blue B04","NEU PDX 04B Blue","PTT B04 Division 1 Green"
"NEU Blue B04","NEU PDX 04B Blue","OYS Founders Cup B04"
"NEU Silver B04","NEU PDX 04B Silver","PTT B04 Division 2 White"
"NEU Silver B04","NEU PDX 04B Silver","OYS Founders Cup B04"
"NEU White B04","NEU PDX 04B White","PTT B04 Premier White"
"NEU White B04","NORTHEAST UNITED (NEU) WHITE","PCU Summer Classic Black"
"NEU White B04","NORTHEAST UNITED (NEU) WHITE (OR)","Bend Premier Cup Alvas Powell (U14 Boys) Division U14"
"New Millenium FC Furia Azul B04","New Millenium FC - Furia Azul","PSPL Copa 1 - West U14"
"Newport FC B04","Newport FC B'04","NPSL DIVISION 2 (04) U14"
"Newport FC B04","Newport FC B04 Chelsea","Seattle Cup BU14 Silver"
"Newport FC B04","Newport FC B04 Chelsea","Xtreme Cup BU14 Silver"
"Newport FC B04","Newport FC B`04 Chelsea","Crossfire Select U14 Gold"
"NFVC Norvan Metro B04","NFVC NORVAN METRO (CND:BC)","SX Cup Boys U14 Metro - Tier 2 U14"
"NK Crew B04","NK Crew","PSPL WSPL U14"
"NK Crew B04","NORTH KITSAP SC NK CREW","Clash At the Border Gold"
"NK Crew B04","NK Crew","Crossfire Select U14 Gold"
"Normandy Park FC White B04","Normandy Park FC Strikers 04/05","PSPL Classic 1 - West U14"
"Normandy Park FC White B04","NPFC Strikers 2004-5","Labor Day Cup BU14 Silver"
"Nortac Colibri B04","Colibri BU14","Sounders FC Cup BU14 Gold"
"Nortac Colibri B04","Colibri BU14","Labor Day Cup BU14 Gold"
"Nortac Colibri B04","Nortac Colibri B04 Jose","NPSL DIVISION 1 (04) U14"
"Nortac Sparta Red B04","NORTAC SPARTA B04 Red","PSPL Classic 3 - West U14"
"Nortac Sparta Red B04","Sparta B04 Red","Seattle Cup BU14 Silver"
"North Idaho Inferno B04","Inferno Engelson B04","PSPL Classic 1 - East U14"
"North Idaho Inferno B04","NORTH IDAHO INFERNO F C ENGELSON B04","Pend Orielle Cup Boys U14"
"North Idaho Inferno B04","NORTH IDAHO INFERNO F C ENGELSON B04 (ID)","River City Challenge Boys U14 (2004) U14"
"North Idaho Inferno B04","NORTH IDAHO INFERNO F C ENGELSON B04","Les Schwab NW Cup U14 Boys Challenge (Silver)"
"North State Kaos Fury B04","NORTH STATE SOCCER KAOS FURY 04 (CAN)","Bend Premier Cup Alvas Powell (U14 Boys) Division U14"
"NPSA Titans Navy B04","NOWLAND PREMIER B04 NAVY BELLEVUE","NW Champions Cup BOYS 04"
"NPSA Titans Navy B04","NPSA B04 Navy Bellevue","Skagit Firecracker Div. 1 U14"
"NPSA Titans Navy B04","NPSA B04 Navy Bellevue","PSPL WNPL U14"
"NPSA Titans Navy B04","NPSA Titans B04 Navy Bellevue","Labor Day Cup BU14 Gold"
"NPSA Titans White B04","NPSA B04 White Bellevue","RVS Classic BU13-14 Silver"
"NPSA Titans White B04","NPSA B04 White Bellevue","PSPL Classic 1 - West U14"
"NSC Athletico B04","NSC B04 Athletico","Eastside FC Cup BU14 Silver"
"NSC Athletico B04","NSC B04 Athletico","Xtreme Cup BU14 Silver"
"NSC Athletico B04","NSC B04 Athletico","NPSL DIVISION 2 (04) U14"
"NSC Athletico B04","NSC B04 Athletico","Cranberry Cup U14"
"NSC Athletico B04","NSC BU04 Athletico","Crossfire Select U14 Silver"
"NSC Chaos B04","NSC Chaos","Xtreme Cup BU14 Silver"
"NSC Chaos B04","NSC B04 Chaos","NPSL DIVISION 2 (04) U14"
"NSC Chaos B04","NSC B04 Chaos","Cranberry Cup U14"
"NSC Chaos B04","NSC B04 Chaos","Crossfire Select U14 Silver"
"NSC Green B04","NORTH SHORE SELECT (NSC) 04 GREEN (WA)","REDAPT Cup Gold U14"
"NSC Green B04","NORTH SHORE SELECT (NSC) 04 GREEN (WA)","Bigfoot Gold U14"
"NSC Green B04","NSC B04 Green","NPSL DIVISION 1 (04) U14"
"NSC Green B04","NSC B04 Green (WA)","Region IV Pres Cup U13"
"NSC Montana B04","NSC MONTANA 2004 BOYS","Clash At the Border Super"
"NSC Voltage Black B04","NSC B04 Voltage Black","Seattle Cup BU14 Silver"
"NSC Voltage Black B04","NSC B04 Voltage Black","NPSL DIVISION 3 (04) U14"
"NVFC Flames B04","NVFC FLAMES (CND)","SX Cup Boys U14 Gold/U15 Silver - Tier 3/Tier 4 U14"
"NW United Black B04","14 NW United B04 Black","Rimland Challenge Premier U14"
"NW United Black B04","Northwest United - BU14 Black","RCL B04 Div 1"
"NW United Black B04","NW United B04 Black Powell","Skagit Firecracker Div. 1 U14"
"NW United Black B04","NW UNITED FC NWUNITED B04 BLACK","WA Rush Cup BU14 Gold"
"NW United Black B04","NW UNITED FC NWUNITED B04 BLACK (WA)","Nike Crossfire Challenge Super Group U14"
"NW United Red B04","Northwest United - BU14 Red","RCL B04 Div 3"
"NW United Red B04","NW United B04 Red","Skagit Firecracker Div. 2 U14"
"NW United Red B04","NW United B04 Red","Seattle Cup BU14 Gold"
"NW United Red B04","NW UNITED BOYS NWU 04 RED (WA)","Bigfoot Silver B U14"
"NW United White B04","12 NWU 2004 White Kissas","Rimland Challenge COPA U14"
"NW United White B04","Northwest United FC B04 White Kissas","NPSL DIVISION 3 (04) U14"
"NW United White B04","NORTHWEST UNITED NWU WHITE BOYS U14 KISSAS (WA)","Bigfoot Silver U14"
"NW United White B04","NW United B04 White Kissas","Skagit Firecracker Div. 3 U14"
"Oregon Futbol Academy Blue B04","OREGON FUTBOL ACADEMY OFA 04B BLUE (OR)","Bend Premier Cup Zarek Valentin (U14 Boys) Division U14"
"Oregon Futbol Academy Blue B04","OFA 04B Azul","PTT B04 Division 1 Green"
"Oregon Trail SC Strikers B04","OREGON CITY OTFC STRIKERS 04B","Summer Slam Bronze"
"Oregon Trail SC Strikers B04","OTFC 04B Strikers","PTT B04 Division 2 White"
"Pacific FC Dynamo B04","Pacific FC 04B Dynamo","PTT B04 Division 2 Green"
"Pacific FC Dynamo B04","PACIFIC FC B04 DYNAMO","PCU Summer Classic Red"
"Pacific FC Dynamo B04","PACIFIC FC B04 DYNAMO (WA)","Oswego Nike Cup Bronze U14"
"Pacific FC Dynamo B04","PACIFIC FC B04 DYNAMO (WA)","Bend Premier Cup Alvas Powell (U14 Boys) Division U14"
"PacNW Blue B04","PACNW B04 Blue","Rainier Challenge Samba U14"
"PacNW Blue B04","PACNW B04 Blue","Tyee Cup Gold U14"
"PacNW Blue B04","PacNW B04 Blue B","RCL B04 Div 3"
"PacNW Blue B04","PACNW BOYS 04 BLUE (WA)","Oswego Nike Cup Silver U14"
"PacNW Maroon B04","PacNW 04 Maroon","Rainier Challenge Copa U14"
"PacNW Maroon B04","PacNW B04 Maroon A","RCL B04 Div 2"
"PacNW White B04","PacNW B04 White","Tyee Cup Gold U14"
"PacNW White B04","PacNW B04 White C","RCL B04 Div 4"
"PacNW White B04","PACNW B04W (WA)","Oswego Nike Cup Bronze U14"
"PacNW White B04","PACNW B04W","Snohomish United Invit Group A"
"PCU Black 1 B04","PCU 04B Black 1","PTT B04 Division 1 White"
"PCU Black 1 B04","PCU 04B Black 1","OYS Founders Cup B04"
"PCU Black 1 B04","PCU 04B BLACK 1","Clash At the Border Silver/Bronze"
"PCU Black 1 B04","PCU 04B BLACK 1","PCU Summer Classic Red"
"PCU Black 1 B04","PCU 04B BLACK 1","Summer Slam Silver"
"PCU Black 1 B04","PORTLAND CITY UNITED PCU 04B BLACK 1 (OR)","Oswego Nike Cup Bronze U14"
"PCU Black 1 B04","PCU B04 Black 1","Mt Hood Challenge U14 Bronze"
"PCU Black 2 B04","PCU 04B Black 2","PTT B04 Division 2 White"
"PCU Black 2 B04","PCU 04B Black 2","OYS Founders Cup B04"
"PCU Red 1 B04","PCU 04B Red 1 (OR) (SC)","Far West Regionals U13"
"PCU Red 1 B04","PCU 04B Red 1 FWRL","PTT B04 Premier Green"
"PCU Red 1 B04","PORTLAND CITY UNITED SC B04 RED","NW Champions Cup BOYS 04"
"PCU Red 1 B04","PORTLAND CITY UNITED SC B04 RED (OR)","Nike Crossfire Challenge Super Group U14"
"PCU Red 2 B04","PCU 04B Red 2","PTT B04 Premier White"
"PCU Red 2 B04","PCU 04B RED 2","Clash At the Border Gold"
"PCU Red 2 B04","PCU 04B RED 2","PCU Summer Classic Black"
"PCU Red 2 B04","PCU 04B RED 2","Summer Slam Gold"
"PCU Red 2 B04","PORTLAND CITY UNITED PCU 04B RED 2 (OR)","Oswego Nike Cup Silver U14"
"PCU Red 2 B04","PCU B04 Red 2","Mt Hood Challenge U14 Silver"
"PGYSA Select B04","PGYSA 04 SELECT (CND)","SX Cup Boys U14 Metro - Tier 2 U14"
"Poco City FC Eurooite B04","POCO CITY FC (CND)","SX Cup Boys U14 Metro - Tier 2 U14"
"Port Moody AC Selects B04","36 Port Moody (04) AC Selects","Baker Blast U14"
"Port Moody AC Selects B04","PORT MOODY SC (04) AC SELECTS (CND)","SX Cup Boys U14 Metro - Tier 2 U14"
"PSPL Academy B04","PUGET SOUND PREMIER PSPL SURF ACADEMY B'04 (WA)","SX Cup Boys U14 Metro - Tier 2 U14"
"Pumas UNAM B04","Pumas B04","Eastside FC Cup BU14 Gold"
"Pumas UNAM B04","Pumas Seattle BU14","Labor Day Cup BU14 Silver"
"Pumas UNAM B04","Pumas UNAM 04 Armando","PSPL Classic 1 - West U14"
"PVSC United Fury B04","PVSC UNITED MANCHESTER-HOLY SPIRIT (ID)","GEM State Challenge U14 Boys U14"
"Rebels Elite B04","Rebels 04 Elite (CA-S) (FWCS)","Far West Regionals U13"
"Rebels Elite B04","Rebels Soccer Club - B04 Academy","FWRL CAS B04"
"Rebels Elite B04","Rebels Soccer Club - B04 Academy Gold","FWRL CAS B04"
"Richmond FC Strikers B04","RICHMONDFC RICHMOND STRIKERS (CND:BC)","SX Cup Boys U14 Gold/U15 Silver - Tier 3/Tier 4 U14"
"RSA Elite B05","RSA Elite B05 Mejia","RVS Classic BU13-14 Silver"
"RVSC Timbers White B04","ROGUE VALLEY TIMBERS 04B WHITE","Summer Slam Gold"
"RVSC Timbers White B04","RV Timbers 04B","PTT B04 Division 1 White"
"RVSC Timbers White B04","RV Timbers 04B","OYS PTT Presidents Cup B04"
"Saints Academy North B04","SAINTS ACADEMY 04B -NORTH","PCU Summer Classic Red"
"Saints Academy North B04","Saints Academy 04B North","Chinook Cup U14"
"Saints Academy North B04","Saints 04B North","PTT B04 Division 2 White"
"Saints Academy North B04","Saints 04B North","OYS Founders Cup B04"
"Saints Academy North B04","Saints Soccer Academy North","Mt Hood Challenge U14 Bronze"
"Saints Academy South B04","SAINTS ACADEMY 04B SOUTH (OR)","Oswego Nike Cup Silver U14"
"Saints Academy South B04","Saints Academy 04B South","Chinook Cup U14"
"Saints Academy South B04","Saints 04B South","PTT B04 Division 2 Green"
"Saints Academy South B04","Saints 04B South","OYS Founders Cup B04"
"Sandpoint Strikers B04","SANDPOINT STRIKERS FC MORGAN","Pend Orielle Cup Boys U14"
"Sandpoint Strikers B04","SANDPOINT STRIKERS FC MORGAN (ID)","GEM State Challenge U14 Boys U14"
"Sandpoint Strikers B04","SANDPOINT STRIKERS FC MORGAN (ID)","River City Challenge Boys U14 (2004) U14"
"Sandpoint Strikers B04","SANDPOINT STRIKERS - TATE/WOLF","Les Schwab NW Cup U14 Boys Challenge (Silver)"
"Santa Clara Sporting Green B04","SANTA CLARA SPORTING 04B GREEN","FWRL CAN CRL U14"
"Santos FC Angeles B04","Santos FC 04B Angeles","PTT B04 Division 1 White"
"Seattle Celtic Black B04","Seattle Celtic B04 Black","PSPL Copa 1 - West U14"
"Seattle Celtic Green B04","Seattle Celtic B04 Green","Starfire Spring Classic BU14"
"Seattle Celtic Green B04","Seattle Celtic B04 Green","Labor Day Cup BU14 Gold"
"Seattle Celtic Green B04","Seattle Celtic B04 Green","PSPL Classic 1 - West U14"
"Seattle Celtic Orange B04","Seattle Celtic B04 Orange","Xtreme Cup BU14 Bronze"
"Seattle Celtic Orange B04","Seattle Celtic B04 Orange","PSPL Copa 1 - West U14"
"Seattle Celtic White B04","Seattle Celtic B04 White","Xtreme Cup BU14 Silver"
"Seattle Celtic White B04","Seattle Celtic B04 White","PSPL Classic 2 - West U14"
"Seattle Celtic White B04","Seattle Celtic B04 White","Crossfire Select U14 Gold"
"Seattle United Copa B04","Seattle United B04 Copa","Rainier Challenge Copa U14"
"Seattle United Copa B04","Seattle United B04 Copa A","RCL B04 Div 1"
"Seattle United S Blue B04","Seattle United B04 South Blue","Skagit Firecracker Div. 3 U14"
"Seattle United S Blue B04","Seattle United B04 South Blue","Xtreme Cup BU14 Silver"
"Seattle United S Blue B04","Seattle United South B04 Blue","Seattle Cup BU14 Silver"
"Seattle United S Blue B04","Seattle United South B04 Blue","NPSL DIVISION 1 (04) U14"
"Seattle United Shoreline Blue B04","Seattle United SH B04 Blue","NPSL DIVISION 1 (04) U14"
"Seattle United Shoreline Blue B04","Seattle United Shoreline B04 Blue","Skagit Firecracker Div. 2 U14"
"Seattle United Shoreline Blue B04","Seattle United Shoreline B04 Blue","Seattle Cup BU14 Gold"
"Seattle United Tango B04","Seattle United B04 Tango","Rainier Challenge Copa U14"
"Seattle United Tango B04","Seattle United B04 Tango","Eastside FC Cup BU14 Gold"
"Seattle United Tango B04","Seattle United B04 Tango B","RCL B04 Div 2"
"Seattle United Tango B04","SU B04 Tango","Beaverton Cup U14 Gold"
"Seattle United USSDA 1 B04","SEATTLE UNITED B04 USSDA (WA)","SX Cup Boys U14 Premier - Tier 1 U14"
"Seattle United W Blue B04","Seattle United West B04 Blue","Seattle Cup BU14 Gold"
"Seattle United W Blue B04","Seattle United West B04 Blue","NPSL DIVISION 1 (04) U14"
"Seattle United W Blue B04","SEATTLE UNITED WEST B04 BLUE","Summer Slam Gold"
"Seattle United W Blue B04","SU West B04 Blue","Crossfire Select U14 Gold"
"Seattle United W White B04","Seattle United West B04 White","Seattle Cup BU14 Silver"
"Seattle United W White B04","Seattle United West B04 White","NPSL DIVISION 2 (04) U14"
"SESC Dragons B04","SESC 04B Dragons","PTT B04 Division 1 White"
"SESC Dragons B04","SESC 04B Dragons","OYS PTT Presidents Cup B04"
"SESC Dragons B04","SESC DRAGONS","Clash At the Border Gold"
"SESC Dragons B04","SESC DRAGONS (OR)","Bend Premier Cup Alvas Powell (U14 Boys) Division U14"
"SESC Dragons B04","SESC 04 Dragons","Mt Hood Challenge U14 Gold"
"SGU Metro B04","SGU METRO (CND)","SX Cup Boys U14 Metro - Tier 2 U14"
"Shoreline Sportsverrou B04","Shoreline Sports Club Vashon B04","PSPL Copa 1 - West U14"
"Slammers Orange B04","Rainier Valley Slammers","RCL B04 Div 2"
"Slammers Orange B04","RAINIER VALLEY SLAMMERS RVS B04 ORANGE (WA)","Nike Crossfire Challenge Silver Group U14"
"Slammers Orange B04","RVS B04 Orange","RVS Classic BU13-14 Gold"
"Slammers Orange B04","RVS B04 Orange","Tyee Cup Gold U14"
"Snake River Strikers B03","SNAKE RIVER STRIKERS","Yellowstone Cup Boys U14 Silver"
"Snohomish United Black B04","SNOHOMISH UNITED B04 BLACK (WA)","Bigfoot Silver U14"
"Snohomish United Black B04","SNOHOMISH UNITED BLACK A","RCL B04 Div 4"
"Snohomish United Black B04","SNOHOMISH UNITED BU04 BLACK A-KWESELE (WA)","REDAPT Cup Silver U14"
"Snohomish United Black B04","SNOHOMISH UNITED BU04 BLACK A-KWESELE","Snohomish United Invit Group A"
"Snohomish United Red B04","Snohomish United","Skagit Firecracker Div. 2 U14"
"Snohomish United USSDA B04","SNOHOMISH UNITED BU14 DA PH (WA)","Nike Crossfire Challenge DA U14"
"South Kitsap United B04","SKSC SK United B04","PSPL Copa 1 - West U14"
"South Kitsap United B04","South Kitsap United B04","Labor Day Cup BU14 Silver"
"South Tacoma United Xolos B04","STU Evolution BU14 Xolos","RVS Classic BU13-14 Gold"
"South Tacoma United Xolos B04","STU Evolution BU14 Xolos","Xtreme Cup BU14 Gold"
"South Tacoma United Xolos B04","STU XOLOS","WA Rush Cup BU14 Silver"
"Southlake Rec Hector B04","Southlake Rec B04 Hector","SSUL B04 Division 3"
"Southlake Select Red Thunder B04","Southlake Select Thunder B04","River Jam Copa U14"
"Southside SC Azul B04","SOUTHSIDE AZUL","Clash At the Border Super"
"Southside SC Azul B04","SOUTHSIDE AZUL (OR)","Bend Premier Cup Zarek Valentin (U14 Boys) Division U14"
"Southside SC Azul B04","Southside U14 Azul","Sounders FC Cup BU14 Gold"
"Southside SC Azul B04","SSC 04B Azul","PTT B04 Premier Green"
"Southside SC Azul B04","SSC Azul","Chinook Cup U14"
"Spokane Pumas B B04","Spokane Foxes Pumas FC '04 Brickey","PSPL Classic 1 - East U14"
"Spokane Pumas B B04","SPOKANE FOXES PUMAS FC SPOKANE PUMAS 04 BRICKEY (WA)","River City Cup U14 Boys (2004) U14"
"Spokane Pumas B04","SPOKANE FOXES PUMAS FC '04 PUMAS PREMIER","Les Schwab NW Cup U14 Boys Premier (Gold)"
"Spokane Pumas B04","Spokane Foxes Pumas FC '04 Vasquez","PSPL WNPL U14"
"Spokane Pumas B04","SPOKANE FOXES PUMAS FC SPOKANE PUMAS FC '04 (WA)","Nike Crossfire Challenge Gold Group U14"
"Spokane Pumas B04","Spokane Pumas FC Premier B04","US Club Regionals B04"
"Spokane Scotties Wilmot B04","IEYSA B04 Scotties Wilmot","PSPL Copa 1 - East U14"
"Spokane Scotties Wilmot B04","SCOTTIES WILMOT (WA)","River City Challenge Boys U14 (2004) U14"
"Spokane Sounders A B04","SPOKANE SOUNDERS 04A","Les Schwab NW Cup U14 Boys Premier (Gold)"
"Spokane Sounders A B04","Spokane Sounders 2004 A","Rainier Challenge Copa U14"
"Spokane Sounders A B04","Spokane Sounders B04A","RCL B04 Div 1"
"Spokane Sounders B B04","Spokane Sounders B04B","RCL B04 Div 4"
"Spokane Sounders B B04","SPOKANE SOUNDERS B04B","Les Schwab NW Cup U14 Boys Challenge (Silver)"
"Sting SC Timbers Red B04","STING TIMBERS FC 04B","Idaho D3 Division 1 U14"
"Sting SC Timbers Red B04","STING TIMBERS FC 04B (ID)","River City Challenge Boys U14 (2004) U14"
"Sting SC Timbers Red B04","Sting Timbers FC 04B Red","PSPL Classic 1 - East U14"
"Sting SC Timbers Red B04","STING TIMBERS FC 04B RED","Les Schwab NW Cup U14 Boys Challenge (Silver)"
"Sting SC Timbers Red B04","Sting Timbers FC B04 Red","Mt Hood Challenge U14 Premier"
"Storm FC B04","STORM FC B04 (WA)","River City Challenge Boys U14 (2004) U14"
"Storm King B04","Storm King B04 Lightning","NPSL DIVISION 1 (04) U14"
"Storm King B04","Storm King Lightning","Xtreme Cup BU14 Silver"
"Strikers FC South Coast B04","Strikers FC - South Coast B04","FWRL CAS B04"
"STU Evolution Pumas B04","STU Evolution B04 Pumas","Eastside FC Cup BU14 Silver"
"STU Evolution Truillo B04","STU Evolution 04 Trujillo","NPSL DIVISION 1 (04) U14"
"STU Mexico B04","STU BU14 Mexico","RVS Classic BU13-14 Silver"
"Surrey United B04","SURREY UNITED (CND)","SX Cup Boys U14 Premier - Tier 1 U14"
"Surrey United Spartans B04","SURREY UNITED SPARTANS (CND)","SX Cup Boys U14 Gold/U15 Silver - Tier 3/Tier 4 U14"
"TC United Navy B04","15 TC United B04 Navy - Hamilton","Rimland Challenge Premier U14"
"TC United Navy B04","TC United B04 Navy","Rainier Challenge Samba U14"
"TC United Navy B04","TC United B04 Navy-Hamilton","PSPL WSPL U14"
"TC United White B04","TC United B04 White-Ed","PSPL Classic 3 - West U14"
"Teton FC B03","TETON FC U14 BOYS","Yellowstone Cup Boys U14 Gold"
"TFA Barcelona CAS B04","CAPITAL FUTBOL ADELMAN BOYS RED (OR)","Nike Crossfire Challenge Silver Group U14"
"TFA Willamette Gold B04","TFA Willamette 04B","PTT B04 Division 1 White"
"TFA Willamette Gold B04","TFA Willamette 04B","OYS PTT Presidents Cup B04"
"TFA Willamette Gold B04","TFA Willamette 04B","Mt Hood Challenge U14 Silver"
"Thelo Magistas B04","Thelo Magistas","Chinook Cup U14"
"Thelo Magistas B04","Thelo 04B Magistas","PTT B04 Division 2 White"
"Thelo Magistas B04","Thelo 04B Magistas","OYS PTT Presidents Cup B04"
"Thelo Magistas B04","Thelo United Magistas 04B","Mt Hood Challenge U14 Silver"
"Thelo Magistas B04","Thelo Magistas","Beaverton Cup U14 Silver"
"Thompson Okanagan FC B04","THOMPSON OKANAGAN FC 2004 BOYS (CND)","SX Cup Boys U14 Premier - Tier 1 U14"
"THUSC Chromium Black B04","THUSC 04B Chromium Black","PTT B04 Premier White"
"THUSC Chromium Black B04","THUSC CHROMIUM BLACK","Clash At the Border Gold"
"THUSC Chromium Black B04","THUSC CHROMIUM BLACK (OR)","Nike Crossfire Challenge Gold Group U14"
"THUSC Chromium Black B04","THUSC CHROMIUM BLACK (OR)","Bend Premier Cup Alvas Powell (U14 Boys) Division U14"
"THUSC Chromium Green B04","THUSC 04B Chromium Green","PTT B04 Division 1 Green"
"THUSC Chromium Green B04","THUSC 04B Chromium Green","OYS PTT Presidents Cup B04"
"THUSC Chromium Green B04","THUSC CHROMIUM GREEN","Clash At the Border Silver/Bronze"
"THUSC Chromium Green B04","THUSC CHROMIUM GREEN (OR)","Nike Crossfire Challenge Silver Group U14"
"THUSC Chromium Green B04","THUSC CHROMIUM GREEN (USA)","Bend Premier Cup Zarek Valentin (U14 Boys) Division U14"
"Tukwila Thunder B04","Tukwila Thunder BU14","Xtreme Cup BU14 Bronze"
"UISA Riptide B04","UISA RIPTIDE U14B (CND)","SX Cup Boys U14 Metro - Tier 2 U14"
"UISA Storm B04","UISA STORM U14 (CND)","SX Cup Boys U14 Premier - Tier 1 U14"
"Upper Valley Madison United A B04","UPPER VALLEY SOCCER FOUNDATION MADISON UNITED SP17 BOYS U13/14A","Yellowstone Cup Boys U14 Gold"
"Upper Valley Madison United B B03","UPPER VALLEY SOCCER FOUNDATION MADISON UNITED SP17 BOYS U13/14B","Yellowstone Cup Boys U14 Silver"
"UPSC United B04","UPSC United B04 Blue","NPSL DIVISION 2 (04) U14"
"Vancouver FC B04","VANCOUVER FC U14 BOYS (CND)","SX Cup Boys U14 Metro - Tier 2 U14"
"Vancouver Island Wave B04","VANCOUVER ISLAND WAVE U14 VANCOUVER ISLAND WAVE (CND)","SX Cup Boys U14 Premier - Tier 1 U14"
"Vancouver United Aces B04","VANCOUVER UNITED FC ACES (CND)","SX Cup Boys U14 Metro - Tier 2 U14"
"Vancouver West FC Galaxy B04","VANCOUVER WEST B04 GALAXY","Summer Slam Bronze"
"WA Rush B04","Washington Rush B04","Rainier Challenge Samba U14"
"WA Rush B04","Washington Rush B04","Sounders FC Cup BU14 Silver"
"WA Rush B04","WASHINGTON RUSH RUSH B04","Les Schwab NW Cup U14 Boys Challenge (Silver)"
"WA Rush B04","WASHINGTON RUSH RUSH B04","WA Rush Cup BU14 Gold"
"WA Rush Nero B04","WA Rush B04 Nero","Skagit Firecracker Div. 3 U14"
"WA Rush Nero B04","WA RUSH B04 NERO","Gunners Invitational Boys 2004 Gold"
"WA Rush Nero B04","WA RUSH B04 NERO","WA Rush Cup BU14 Silver"
"Walla Walla United B04","Walla Walla United Soccer Club 04 Shields","PSPL Copa 1 - East U14"
"Washington East SC B B04","Washington East SC B04 Mader","PSPL Copa 1 - East U14"
"Washington East SC B B04","WASHINGTON EAST WE B04 MADER (WA)","River City Challenge Boys U14 (2004) U14"
"Washington East SC B B04","Washington East B04 Mader","Mt Hood Challenge U14 Silver"
"Washington East SC B04","WASHINGTON EAST SC B04 (SANDOBAL) (WA)","River City Cup U14 Boys (2004) U14"
"Washington East SC B04","WASHINGTON EAST SC B04 (SANDOBAL) (WA)","SX Cup Boys U14 Metro - Tier 2 U14"
"Washington East SC B04","Washington East SC B04 Sandobal","PSPL WSPL U14"
"Washington Timbers Red 2 B04","WA Timbers 04B Red 2","PTT B04 Premier White"
"Washington Timbers Red 2 B04","WA Timbers 04B Red 2 (Reserves) (OR)","Region IV Pres Cup U13"
"Washington Timbers Red 2 B04","WA TIMBERS 04B REDS 2 (WA)","REDAPT Cup Silver U14"
"Washington Timbers Red 2 B04","WASHINGTON TIMBERS FC 04B REDS 2","Clash At the Border Super"
"Washington Timbers Red 2 B04","WTFC Reds 2","Beaverton Cup U14 Silver"
"Washington Timbers USSDA B04","WT 04B Academy","Beaverton Cup U14 Gold"
"Washington Timbers White 1 B04","WA Timbers 04B White 1","PTT B04 Division 1 White"
"Washington Timbers White 1 B04","WA Timbers 04B White 1","OYS PTT Presidents Cup B04"
"Washington Timbers White 1 B04","WA TIMBERS B04 WHITE 1 (WA)","Oswego Nike Cup Silver U14"
"Washington Timbers White 1 B04","WASHINGTON TIMBERS FC 04B WHITE 1","Summer Slam Gold"
"Washington Timbers White 2 B04","WA Timbers 04B White 2","PTT B04 Division 2 White"
"Washington Timbers White 2 B04","WA Timbers 04B White 2","OYS Founders Cup B04"
"Washington Timbers White 2 B04","WASHINGTON TIMBERS FC 04B WHITE 2","Summer Slam Silver"
"Wenatchee FC Black B04","Wenatchee FC B04 Zumach","PSPL Classic 1 - East U14"
"Wenatchee FC Black B04","WENATCHEE FC WFC B04 ZUMACH","WA Rush Cup BU14 Silver"
"Wenatchee Valley United Equipo Relampago B03","UNITED SC Equipo Relampago","PSPL Copa 1 - East U14"
"Wenatchee Valley United La Raza B04","UNITED SC La Raza","PSPL Classic 1 - East U14"
"Wenatchee Valley United La Raza B04","WENATCHEE VALLEY UNITED SC WENATCHEE VALLEY UNITED LA RAZA (WA)","REDAPT Cup Gold U14"
"Wenatchee Valley United ML B04","UNITED SC ML 04","PSPL Classic 1 - East U14"
"Wenatchee Valley United Quincy B04","UNITED SC Quincy United 04","PSPL WSPL U14"
"Wenatchee Valley United Quincy B04","WVU Quincy United 04","Xtreme Cup BU14 Gold"
"Wenatchee Valley United Quincy B04","Quincy United 04","US Club Regionals B04"
"West Narrows Blue B04","West Narrows B04 Blue","Labor Day Cup BU14 Silver"
"West Narrows Blue B04","West Narrows F.C. B 04 Navy","PSPL Copa 1 - West U14"
"Westside Timbers Copa B04","Westside Timbers 04B Copa","PTT B04 Division 1 Green"
"Westside Timbers Copa B04","Westside Timbers 04B Copa","OYS PTT Presidents Cup B04"
"Westside Timbers Copa B04","Westside Timbers 04B Copa (OR) (FWNW)","Far West Regionals U13"
"Westside Timbers Copa B04","WT 04B Copa","Mt Hood Challenge U14 Premier"
"Westside Timbers Copa B04","WT 04B Copa","Beaverton Cup U14 Silver"
"Westside Timbers Copa TS B04","Westside Timbers 04B Copa TS","PTT B04 Division 2 Green"
"Westside Timbers Copa TS B04","Westside Timbers 04B Copa TS","OYS Founders Cup B04"
"Westside Timbers Copa TS B04","WESTSIDE TIMBERS TS 04B COPA TS","Summer Slam Silver"
"Westside Timbers Copa TS B04","WESTSIDE TIMBERS 04B COPA TS","Clash At the Border Silver/Bronze"
"Westside Timbers Copa TS B04","WT 04B Copa TS","Mt Hood Challenge U14 Silver"
"Westside Timbers Copa TS B04","WT 04B Copa TS","Beaverton Cup U14 Silver"
"Westside Timbers Samba B04","Westside Timbers 04B Samba","PTT B04 Division 2 Green"
"Westside Timbers Samba B04","Westside Timbers 04B Samba","OYS Founders Cup B04"
"Westside Timbers USSDA B04","WESTSIDE TIMBERS WESTSIDE TIMBER USDA 2004 (OR)","Nike Crossfire Challenge DA U14"
"Whatcom Rangers Blue B04","42 Whatcom FC Rangers B04 Blue","Baker Blast U14"
"Whatcom Rangers Blue B04","Whatcom FC Rangers - B04 Blue","RCL B04 Div 3"
"Whatcom Rangers Blue B04","WHATCOM FC RANGERS B04 BLUE (WA)","Nike Crossfire Challenge Silver Group U14"
"Whatcom Rangers Blue B04","WHATCOM FC RANGERS B04 BLUE","WA Rush Cup BU14 Silver"
"Whatcom Rangers Gold B04","WFC RANGERS B04 GOLD (WA)","Nike Crossfire Challenge Super Group U14"
"Whatcom Rangers Gold B04","Whatcom FC Rangers - B04 Gold","RCL B04 Div 1"
"Whatcom Rangers White B04","10 Whatcom FC Rangers BU14 White","Rimland Challenge COPA U14"
"Whatcom Rangers White B04","WFC Rangers White B04","Skagit Firecracker Div. 2 U14"
"Whatcom Rangers White B04","Whatcom FC Rangers B04 White","NPSL DIVISION 2 (04) U14"
"Woodland SC Dynamite B04","WOODLAND SC DYNAMITE 04","Clash At the Border Super"
"WP Markquart B04","WP Markquart 04/05","River Jam Copa U14"
"WPFC Black B04","WASHINGTON PREMIER FC WPFC B04 BLACK","NW Champions Cup BOYS 04"
"WPFC Black B04","WPFC B04 Black","Eastside FC Cup BU14 Gold"
"WPFC Black B04","WPFC B04 Black A","RCL B04 Div 1"
"WPFC Black B04","WPFC B04 Black","Beaverton Cup U14 Gold"
"WPFC Black B04","WPFC B04B","Rainier Challenge Copa U14"
"WPFC USSDA B04","WASHINGTON PREMIER FC WPFC 04 DA (WA)","Nike Crossfire Challenge DA U14"
"WPFC White B04","WPFC B04 White","Rainier Challenge Samba U14"
"WPFC White B04","WPFC B04 White","Eastside FC Cup BU14 Silver"
"WPFC White B04","WPFC B04 White B","RCL B04 Div 3"
"WPFC White B04","WPFC B04WHITE (WA)","Nike Crossfire Challenge Silver Group U14"
"WS Jaguars B04","WS Jaguars United 04-Metcalf","SSUL B04 Division 3"
"WS Red Bulls B04","West Seattle Red Bulls","Xtreme Cup BU14 Silver"
"WS Red Bulls B04","WS B04 Red Bulls","NPSL DIVISION 2 (04) U14"
"WS Spartans B04","WS FC Spartans 04 - Moore","SSUL B04 Division 3"
"WUFC Gold B04","WUFC 04B Gold","PTT B04 Division 2 Green"
"WUFC Gold B04","WUFC 04B Gold","OYS PTT Presidents Cup B04"
"WUFC Gold B04","WUFC 2004 BOYS","Clash At the Border Silver/Bronze"
"WUFC Gold B04","WUFC 2004 BOYS","PCU Summer Classic Red"
"WUFC Gold B04","WUFC 2004B","Mt Hood Challenge U14 Bronze"
"WUFC White B04","WUFC 04B White","PTT B04 Division 2 White"
"WUFC White B04","WUFC 04B White","OYS Founders Cup B04"
"WVSC Rangers B04","West Van Rangers Boys U14","Labor Day Cup BU14 Gold"
"YCSC B04","YCSC 04B","PTT B04 Division 2 White"
